student_id,attendance,study_hours,assignment_completion,internal_marks,previous_gpa,participation_score,sleep_hours,internet_access,family_support,extra_curricular,risk_category,pass_status
STU-0001,84,0.9,82,80,8.71,27,5.2,1,1,0,Low Risk,1
STU-0002,72,5.2,35,27,7.8,49,6.5,1,0,0,Medium Risk,0
STU-0003,87,2.1,79,65,7.79,60,8.7,1,1,0,Low Risk,1
STU-0004,100,0.5,17,76,6.15,74,7.8,1,1,1,Low Risk,1
STU-0005,70,0.5,85,100,7.9,45,8.0,1,1,0,Low Risk,1
STU-0006,70,1.2,92,55,6.48,98,7.2,1,0,1,Low Risk,1
STU-0007,100,4.6,55,71,8.11,32,7.8,1,1,0,Low Risk,1
STU-0008,90,3.7,73,28,3.19,16,5.8,1,0,0,Medium Risk,0
STU-0009,65,4.7,100,17,6.13,87,6.5,1,1,0,Low Risk,1
STU-0010,85,2.2,57,81,10.0,3,7.3,1,1,0,Low Risk,1
STU-0011,65,1.7,43,64,5.47,54,7.4,1,0,1,Medium Risk,0
STU-0012,65,0.5,100,88,5.79,100,7.5,1,1,0,Low Risk,1
STU-0013,79,1.2,100,37,6.1,59,6.8,1,1,0,Medium Risk,0
STU-0014,36,1.7,70,75,4.57,31,6.4,1,1,0,Medium Risk,0
STU-0015,40,0.5,95,100,2.58,58,11.7,1,1,0,Medium Risk,0
STU-0016,63,0.7,100,73,6.54,58,8.4,0,1,0,Low Risk,1
STU-0017,54,2.7,51,70,7.27,64,7.6,1,1,0,Medium Risk,0
STU-0018,81,4.0,57,65,6.89,76,6.7,1,1,1,Low Risk,1
STU-0019,56,12.0,100,33,6.71,34,6.3,1,1,0,Medium Risk,0
STU-0020,46,8.1,100,92,7.09,100,6.8,1,1,0,Low Risk,1
STU-0021,100,3.1,84,52,9.05,66,7.4,0,0,1,Low Risk,1
STU-0022,70,1.6,48,75,6.62,78,4.2,1,1,0,Medium Risk,0
STU-0023,76,3.0,100,33,5.85,44,4.6,1,1,0,Low Risk,1
STU-0024,46,4.6,56,41,6.44,92,6.0,1,1,1,Medium Risk,0
STU-0025,64,0.5,61,93,8.16,53,7.3,1,1,0,Low Risk,1
STU-0026,77,1.6,78,58,9.82,66,6.6,1,1,1,Low Risk,1
STU-0027,51,5.5,100,94,5.74,36,9.2,1,1,1,Low Risk,1
STU-0028,82,1.5,91,63,7.2,35,4.8,0,1,1,Medium Risk,0
STU-0029,62,2.5,80,28,7.68,77,5.9,1,1,1,Low Risk,1
STU-0030,69,2.7,81,82,5.01,48,9.3,1,0,0,Low Risk,1
STU-0031,62,0.6,71,53,7.04,38,7.2,1,1,0,Low Risk,1
STU-0032,100,1.3,83,78,4.07,43,8.3,1,1,0,Low Risk,1
STU-0033,74,1.2,6,65,3.46,77,10.1,1,1,0,Medium Risk,0
STU-0034,53,0.5,62,34,7.73,44,6.0,1,1,1,Medium Risk,0
STU-0035,91,0.5,76,68,6.23,57,6.9,1,0,1,Low Risk,1
STU-0036,50,5.3,41,100,7.4,60,6.6,1,0,1,Medium Risk,0
STU-0037,79,1.0,79,74,6.96,12,4.1,1,1,1,Low Risk,1
STU-0038,35,2.2,64,63,5.05,23,6.5,1,1,0,Medium Risk,0
STU-0039,48,1.1,100,86,6.91,68,8.3,0,1,1,Medium Risk,0
STU-0040,78,8.5,100,69,4.53,41,7.8,0,1,1,Low Risk,1
STU-0041,89,0.9,58,69,9.78,86,7.9,1,0,1,Low Risk,1
STU-0042,78,1.7,66,43,4.29,84,6.4,1,0,0,Medium Risk,0
STU-0043,72,6.2,68,69,6.61,77,6.0,0,1,1,Low Risk,1
STU-0044,68,5.5,58,85,4.92,100,8.9,1,1,0,Low Risk,1
STU-0045,45,0.6,74,48,8.14,57,6.3,1,1,1,Medium Risk,0
STU-0046,60,4.9,51,93,6.34,76,7.4,1,1,1,Low Risk,1
STU-0047,65,1.8,41,63,5.96,45,7.2,1,1,0,Medium Risk,0
STU-0048,96,2.0,85,47,8.71,100,9.2,1,0,1,Medium Risk,0
STU-0049,81,0.5,85,84,7.06,100,8.5,1,1,1,Low Risk,1
STU-0050,39,0.5,49,59,8.03,60,5.1,1,1,0,Medium Risk,0
STU-0051,81,3.9,92,80,5.04,69,5.2,1,0,1,Low Risk,1
STU-0052,67,2.1,54,59,4.19,93,7.9,1,1,1,Low Risk,1
STU-0053,61,1.7,76,63,7.21,56,6.9,1,1,1,Low Risk,1
STU-0054,87,3.9,90,74,6.36,43,6.3,1,1,1,Low Risk,1
STU-0055,95,4.4,69,70,8.25,81,8.5,0,1,1,Low Risk,1
STU-0056,93,0.5,81,25,6.84,61,7.3,0,1,1,Medium Risk,0
STU-0057,58,2.8,57,42,7.41,64,7.1,1,0,0,Medium Risk,0
STU-0058,68,0.5,65,83,3.75,39,8.2,1,0,0,Medium Risk,0
STU-0059,81,4.2,64,62,10.0,17,6.4,1,0,1,Low Risk,1
STU-0060,94,3.2,51,54,6.67,65,9.4,1,1,1,Low Risk,1
STU-0061,65,9.4,65,37,8.4,82,5.8,0,0,1,Low Risk,1
STU-0062,71,0.5,31,43,5.33,54,8.0,1,1,1,Medium Risk,0
STU-0063,52,0.5,57,24,7.62,95,9.2,1,0,1,Medium Risk,0
STU-0064,51,1.0,62,62,4.39,42,4.9,1,1,0,Medium Risk,0
STU-0065,91,0.9,63,53,7.9,33,6.5,1,0,1,Low Risk,1
STU-0066,100,0.9,63,45,6.29,58,8.7,0,1,0,Medium Risk,0
STU-0067,73,7.1,68,63,7.06,57,8.7,1,0,1,Low Risk,1
STU-0068,95,0.9,81,72,8.4,79,6.7,0,1,1,Low Risk,1
STU-0069,82,1.0,91,100,4.53,40,5.9,1,1,1,Low Risk,1
STU-0070,62,4.3,53,34,5.63,94,8.4,1,1,0,Low Risk,1
STU-0071,82,1.8,39,88,7.91,100,8.8,0,0,1,Medium Risk,0
STU-0072,100,4.5,43,84,10.0,59,5.3,0,0,1,Low Risk,1
STU-0073,74,0.5,57,49,6.72,91,5.2,1,1,1,Low Risk,1
STU-0074,100,2.0,61,69,8.18,33,7.3,1,1,0,Low Risk,1
STU-0075,22,0.5,50,55,6.79,86,7.9,1,1,1,Low Risk,1
STU-0076,91,0.5,37,68,10.0,86,6.6,1,1,1,Low Risk,1
STU-0077,76,7.1,58,95,3.51,81,8.0,1,1,1,Low Risk,1
STU-0078,69,0.5,74,77,7.19,59,5.9,0,1,1,Low Risk,1
STU-0079,76,2.3,84,75,3.75,0,3.8,1,1,0,Medium Risk,0
STU-0080,35,1.6,56,56,1.99,43,6.4,0,1,0,Medium Risk,0
STU-0081,70,1.3,59,35,7.59,44,7.1,1,0,1,Medium Risk,0
STU-0082,82,6.9,46,60,7.28,35,6.6,1,1,0,Medium Risk,0
STU-0083,100,0.5,69,89,6.43,63,5.3,0,0,1,Low Risk,1
STU-0084,64,3.3,48,34,6.79,49,4.3,1,1,0,Medium Risk,0
STU-0085,58,9.9,84,43,10.0,39,6.2,1,1,1,Medium Risk,0
STU-0086,64,2.5,25,67,6.48,33,8.3,1,1,0,Medium Risk,0
STU-0087,93,8.3,61,45,8.02,42,8.9,1,1,1,Low Risk,1
STU-0088,81,0.5,77,49,5.7,88,8.8,1,1,0,Medium Risk,0
STU-0089,64,1.6,74,56,7.59,43,5.8,1,1,0,Low Risk,1
STU-0090,85,0.9,100,37,6.52,47,5.3,1,1,0,Medium Risk,0
STU-0091,76,3.9,78,45,6.18,48,7.7,1,0,0,Low Risk,1
STU-0092,94,11.9,44,79,10.0,68,8.0,1,0,1,Low Risk,1
STU-0093,60,0.9,67,38,9.35,71,7.6,1,1,0,Medium Risk,0
STU-0094,68,3.2,25,33,7.27,0,4.0,1,0,1,Medium Risk,0
STU-0095,67,0.7,67,52,2.39,85,5.7,1,1,1,Low Risk,1
STU-0096,45,2.5,49,79,6.28,95,7.0,1,1,1,Medium Risk,0
STU-0097,80,1.9,92,61,10.0,33,7.7,1,1,1,Low Risk,1
STU-0098,80,10.7,56,55,6.54,35,8.2,1,1,1,Low Risk,1
STU-0099,75,2.8,67,65,9.21,48,7.2,1,1,1,Low Risk,1
STU-0100,70,1.3,54,30,9.88,41,7.5,1,1,1,Low Risk,1
STU-0101,46,0.5,100,74,7.44,65,7.1,1,1,0,Medium Risk,0
STU-0102,66,0.5,61,72,5.32,11,8.0,1,0,0,Medium Risk,0
STU-0103,68,0.8,100,56,2.13,32,7.5,1,1,1,Medium Risk,0
STU-0104,58,0.9,90,85,8.37,98,7.1,0,1,1,Medium Risk,0
STU-0105,71,5.7,82,42,5.37,36,6.6,0,1,1,Medium Risk,0
STU-0106,83,2.5,79,87,7.35,91,7.1,1,1,1,Low Risk,1
STU-0107,100,2.2,79,68,4.5,68,7.7,1,1,0,Low Risk,1
STU-0108,78,0.5,21,58,6.47,14,7.4,1,1,1,Medium Risk,0
STU-0109,80,5.9,63,64,7.07,75,7.6,1,1,1,Low Risk,1
STU-0110,73,3.8,91,62,7.54,57,9.0,1,1,0,Low Risk,1
STU-0111,36,0.5,68,89,4.77,48,7.4,1,0,1,Medium Risk,0
STU-0112,74,3.7,34,43,9.39,66,6.0,0,1,0,Medium Risk,0
STU-0113,76,2.4,68,49,5.81,71,8.3,0,1,1,Medium Risk,0
STU-0114,100,0.5,100,85,3.65,77,5.0,1,0,1,Low Risk,1
STU-0115,71,1.8,100,53,6.78,89,5.4,1,1,0,Low Risk,1
STU-0116,81,2.0,68,83,7.07,70,7.5,1,0,1,Low Risk,1
STU-0117,74,0.5,93,98,7.32,25,7.8,1,1,1,Low Risk,1
STU-0118,51,8.7,60,56,9.72,48,5.1,1,1,0,Low Risk,1
STU-0119,97,5.7,27,78,6.53,100,6.4,1,1,0,Low Risk,1
STU-0120,90,3.3,46,41,6.76,78,6.1,1,1,1,Medium Risk,0
STU-0121,90,1.9,100,80,4.79,100,6.3,1,0,0,Medium Risk,0
STU-0122,56,1.6,63,68,8.64,94,8.4,1,0,1,Medium Risk,0
STU-0123,100,3.2,63,74,7.37,66,8.1,1,1,0,Low Risk,1
STU-0124,46,2.4,62,52,6.16,67,7.0,1,1,1,Low Risk,1
STU-0125,86,0.5,100,31,3.19,59,6.2,1,1,1,Medium Risk,0
STU-0126,100,2.2,100,75,9.89,16,5.0,1,1,0,Low Risk,1
STU-0127,55,4.9,100,23,4.54,60,9.1,1,1,1,Medium Risk,0
STU-0128,63,1.8,66,58,5.82,90,7.9,1,1,1,Low Risk,1
STU-0129,76,0.5,77,83,7.72,45,5.9,1,1,1,Low Risk,1
STU-0130,64,4.6,32,68,4.61,70,8.1,1,0,1,Medium Risk,0
STU-0131,43,0.7,100,100,4.01,81,6.9,1,1,1,Medium Risk,0
STU-0132,76,0.9,40,85,2.75,37,6.6,1,1,1,Medium Risk,0
STU-0133,53,0.5,75,51,8.44,48,7.7,0,0,1,Medium Risk,0
STU-0134,84,1.2,42,65,5.91,34,5.9,1,1,1,Medium Risk,0
STU-0135,56,4.2,55,64,10.0,39,6.5,1,1,0,Medium Risk,0
STU-0136,100,2.2,49,33,5.01,27,7.2,0,1,1,Medium Risk,0
STU-0137,59,0.7,54,46,5.16,37,6.3,1,1,0,Medium Risk,0
STU-0138,68,6.3,56,53,5.87,95,8.0,1,0,0,Low Risk,1
STU-0139,91,6.4,56,24,7.49,37,9.8,1,1,0,Medium Risk,0
STU-0140,50,6.1,90,65,6.06,63,5.9,1,0,0,Low Risk,1
STU-0141,79,0.8,42,60,8.22,47,4.5,1,1,0,Medium Risk,0
STU-0142,100,1.8,75,31,5.04,89,4.0,1,1,0,Medium Risk,0
STU-0143,42,12.0,100,73,4.24,92,6.8,1,1,0,Medium Risk,0
STU-0144,78,4.4,57,79,3.4,81,6.0,1,0,1,Low Risk,1
STU-0145,80,0.5,52,69,2.55,67,7.3,1,1,0,Low Risk,1
STU-0146,90,0.5,64,58,5.96,54,7.2,1,1,0,Low Risk,1
STU-0147,50,1.9,99,76,6.4,30,4.6,1,1,0,Medium Risk,0
STU-0148,48,7.2,74,78,5.74,100,4.3,1,1,0,Low Risk,1
STU-0149,85,2.3,56,71,9.49,41,7.4,1,0,0,Low Risk,1
STU-0150,80,2.1,82,48,9.46,76,7.2,1,1,1,Low Risk,1
STU-0151,80,0.5,42,70,6.33,86,6.4,1,1,1,Low Risk,1
STU-0152,81,3.2,87,88,3.41,46,4.5,1,1,1,Low Risk,1
STU-0153,61,5.2,80,53,5.87,85,7.7,1,1,1,Low Risk,1
STU-0154,79,1.4,62,100,5.8,79,8.9,1,1,0,Low Risk,1
STU-0155,80,4.5,49,54,5.69,100,7.4,1,1,0,Low Risk,1
STU-0156,60,10.0,47,65,5.6,48,5.7,1,1,0,Low Risk,1
STU-0157,100,0.7,83,51,5.69,27,7.1,1,0,1,Low Risk,1
STU-0158,84,2.2,100,69,6.23,47,5.0,1,0,0,Low Risk,1
STU-0159,51,1.0,54,30,5.73,65,8.6,1,1,1,Medium Risk,0
STU-0160,88,4.7,81,54,7.42,61,7.1,1,0,0,Low Risk,1
STU-0161,55,2.6,17,43,7.72,50,4.3,1,1,0,High Risk,0
STU-0162,90,3.0,55,67,5.18,12,6.5,1,1,1,Low Risk,1
STU-0163,98,4.8,69,84,9.54,71,7.7,1,1,1,Low Risk,1
STU-0164,58,1.5,47,77,5.04,100,6.5,0,1,1,Medium Risk,0
STU-0165,94,7.4,46,17,3.76,71,6.6,1,1,1,Medium Risk,0
STU-0166,83,2.3,53,100,7.76,75,5.2,1,0,1,Low Risk,1
STU-0167,91,0.5,77,70,5.37,74,7.8,1,1,1,Low Risk,1
STU-0168,100,3.6,65,49,7.64,69,6.0,1,0,1,Low Risk,1
STU-0169,70,4.7,14,68,2.19,83,3.8,1,1,0,Medium Risk,0
STU-0170,59,1.1,16,68,9.78,69,6.4,1,1,1,Medium Risk,0
STU-0171,57,5.8,54,51,8.34,52,8.5,1,1,1,Low Risk,1
STU-0172,58,7.1,81,68,4.0,40,6.4,0,1,0,Medium Risk,0
STU-0173,73,1.0,1,52,4.04,53,9.6,1,1,1,Medium Risk,0
STU-0174,81,12.0,57,56,10.0,67,7.6,1,1,1,Low Risk,1
STU-0175,80,0.5,56,51,5.53,52,7.5,1,1,1,Low Risk,1
STU-0176,91,0.7,100,36,5.33,67,6.8,0,1,0,Medium Risk,0
STU-0177,75,0.6,60,67,2.47,70,6.9,1,1,1,Low Risk,1
STU-0178,100,6.7,79,76,6.3,80,6.6,1,1,1,Low Risk,1
STU-0179,69,3.2,73,75,6.54,92,6.5,1,0,1,Low Risk,1
STU-0180,100,0.5,16,81,8.43,61,7.8,1,0,0,Medium Risk,0
STU-0181,87,1.7,89,71,4.2,27,5.6,1,0,1,Medium Risk,0
STU-0182,57,2.9,75,54,3.96,51,5.4,1,0,0,Medium Risk,0
STU-0183,53,0.5,82,81,7.9,61,5.3,1,1,1,Low Risk,1
STU-0184,84,6.4,100,37,9.01,14,10.1,1,1,0,Medium Risk,0
STU-0185,70,4.9,17,46,3.86,94,7.8,1,1,1,Medium Risk,0
STU-0186,89,2.1,100,45,9.16,63,7.5,1,1,1,Low Risk,1
STU-0187,84,10.2,62,86,7.08,69,5.4,1,1,0,Low Risk,1
STU-0188,73,1.6,77,83,9.18,94,7.9,1,1,0,Low Risk,1
STU-0189,58,12.0,68,74,6.86,44,6.8,1,1,0,Low Risk,1
STU-0190,44,3.3,59,86,1.96,74,7.3,1,1,0,Medium Risk,0
STU-0191,66,3.0,55,47,6.7,57,5.5,0,1,0,Low Risk,1
STU-0192,92,0.5,78,71,9.12,55,7.2,1,1,1,Low Risk,1
STU-0193,79,6.4,32,62,5.21,40,6.4,1,1,1,Low Risk,1
STU-0194,50,1.7,88,81,6.22,100,5.9,1,1,1,Low Risk,1
STU-0195,78,0.5,59,62,6.65,50,8.1,1,0,1,Low Risk,1
STU-0196,82,0.5,41,57,1.2,77,4.7,1,1,0,Medium Risk,0
STU-0197,57,2.5,58,75,10.0,13,7.8,1,1,0,Medium Risk,0
STU-0198,78,2.2,100,82,5.2,89,8.0,1,1,0,Low Risk,1
STU-0199,76,3.8,56,51,8.01,86,5.7,1,1,1,Low Risk,1
STU-0200,52,6.6,78,63,6.83,62,5.8,0,1,1,Low Risk,1
STU-0201,82,0.5,51,43,9.52,54,6.7,0,1,0,Medium Risk,0
STU-0202,86,3.9,88,15,7.81,70,7.4,1,1,0,Low Risk,1
STU-0203,96,0.6,87,69,6.53,100,6.8,0,1,1,Low Risk,1
STU-0204,96,5.9,100,77,5.21,15,7.7,0,1,1,Low Risk,1
STU-0205,47,5.1,65,70,8.6,79,9.6,1,1,1,Low Risk,1
STU-0206,56,2.3,86,26,3.25,37,6.2,1,0,0,High Risk,0
STU-0207,85,3.7,72,57,8.29,59,4.4,1,1,1,Low Risk,1
STU-0208,85,1.1,100,20,4.8,53,8.2,1,0,0,Medium Risk,0
STU-0209,85,1.9,52,92,9.5,49,9.5,1,1,1,Low Risk,1
STU-0210,100,5.2,88,43,7.32,59,7.6,1,1,1,Low Risk,1
STU-0211,86,1.8,65,90,8.29,31,5.4,1,0,1,Low Risk,1
STU-0212,97,1.3,68,83,7.16,85,6.8,1,1,0,Low Risk,1
STU-0213,94,2.0,72,46,3.5,15,5.3,1,1,0,Medium Risk,0
STU-0214,88,5.3,76,42,5.28,73,8.0,1,0,1,Low Risk,1
STU-0215,68,1.2,67,72,8.34,51,5.0,1,0,0,Low Risk,1
STU-0216,90,0.6,75,48,7.33,30,6.5,0,1,1,Medium Risk,0
STU-0217,59,3.7,100,67,9.36,65,5.5,1,1,1,Low Risk,1
STU-0218,70,5.2,94,55,7.81,21,7.2,0,1,0,Low Risk,1
STU-0219,65,0.5,91,29,5.07,60,6.5,1,1,1,Low Risk,1
STU-0220,76,0.8,58,20,5.41,24,7.3,1,1,0,Medium Risk,0
STU-0221,100,0.5,47,69,7.21,71,7.0,1,1,1,Low Risk,1
STU-0222,37,1.3,93,53,2.37,36,5.5,0,1,1,Medium Risk,0
STU-0223,88,1.8,91,53,10.0,48,7.9,0,1,1,Low Risk,1
STU-0224,42,4.1,100,78,7.88,67,6.9,1,1,0,Low Risk,1
STU-0225,65,3.2,54,88,9.45,40,5.5,1,1,1,Low Risk,1
STU-0226,96,2.9,64,59,3.84,58,10.4,1,1,1,Low Risk,1
STU-0227,76,1.3,29,58,9.49,22,7.7,1,1,0,Medium Risk,0
STU-0228,53,5.5,60,75,10.0,75,6.8,1,1,1,Low Risk,1
STU-0229,60,1.9,94,37,4.36,100,9.1,1,0,1,Medium Risk,0
STU-0230,88,11.6,58,69,8.54,100,9.8,0,1,1,Low Risk,1
STU-0231,60,3.0,86,76,7.0,62,6.8,0,1,1,Low Risk,1
STU-0232,79,0.5,65,78,3.91,79,7.5,1,1,0,Low Risk,1
STU-0233,75,3.4,78,26,7.99,15,5.5,1,1,1,Low Risk,1
STU-0234,61,1.2,41,49,8.67,97,6.8,0,1,0,Medium Risk,0
STU-0235,100,3.5,72,47,5.8,79,6.7,1,1,0,Low Risk,1
STU-0236,87,0.5,0,66,9.33,47,7.3,0,1,0,Medium Risk,0
STU-0237,34,0.6,65,74,3.67,90,7.5,1,0,0,Medium Risk,0
STU-0238,78,5.8,29,94,4.01,53,7.8,0,1,0,Medium Risk,0
STU-0239,61,0.8,100,55,7.27,48,7.4,1,1,1,Low Risk,1
STU-0240,92,5.4,89,55,7.05,71,5.2,1,1,1,Low Risk,1
STU-0241,59,1.0,81,87,5.57,33,5.6,1,1,1,Medium Risk,0
STU-0242,72,3.1,100,70,8.62,85,6.2,0,1,0,Low Risk,1
STU-0243,85,3.6,46,90,8.06,33,6.6,1,0,0,Medium Risk,0
STU-0244,92,2.2,100,70,8.72,33,8.6,0,1,1,Low Risk,1
STU-0245,50,1.1,93,41,6.75,37,5.3,1,0,1,Medium Risk,0
STU-0246,68,0.7,64,38,8.21,78,6.5,1,1,1,Low Risk,1
STU-0247,65,0.5,98,33,6.11,44,8.4,1,1,0,Medium Risk,0
STU-0248,61,1.1,42,78,10.0,26,6.6,1,1,1,Medium Risk,0
STU-0249,100,3.2,49,88,5.37,44,7.7,1,1,0,Low Risk,1
STU-0250,83,8.4,54,100,10.0,59,6.8,1,1,1,Low Risk,1
STU-0251,49,6.1,56,81,7.07,30,7.4,1,0,1,Medium Risk,0
STU-0252,93,4.4,43,88,4.25,31,6.7,1,1,1,Medium Risk,0
STU-0253,100,4.7,100,53,9.74,100,8.0,1,0,1,Low Risk,1
STU-0254,95,3.3,63,41,7.25,38,4.7,1,0,0,Medium Risk,0
STU-0255,44,0.9,78,82,8.7,51,6.5,1,0,1,Medium Risk,0
STU-0256,65,7.1,55,73,9.45,50,7.4,1,1,1,Low Risk,1
STU-0257,100,3.3,24,67,7.68,49,7.8,1,1,1,Low Risk,1
STU-0258,60,2.5,76,72,5.82,75,9.2,1,1,0,Low Risk,1
STU-0259,83,0.5,22,71,8.95,83,6.4,0,1,1,Medium Risk,0
STU-0260,90,1.8,68,90,7.0,52,9.2,0,0,1,Low Risk,1
STU-0261,56,1.9,35,90,8.37,29,6.0,0,1,0,High Risk,0
STU-0262,73,6.0,100,75,2.69,91,9.0,1,0,0,Low Risk,1
STU-0263,10,2.4,92,81,7.89,57,8.2,1,1,0,Medium Risk,0
STU-0264,54,1.4,72,75,5.72,100,5.6,1,0,1,Medium Risk,0
STU-0265,69,11.3,100,55,10.0,3,7.5,1,1,0,Low Risk,1
STU-0266,50,0.5,48,80,8.25,64,6.9,1,1,1,Medium Risk,0
STU-0267,100,1.6,83,37,7.48,100,7.9,1,1,1,Low Risk,1
STU-0268,46,0.5,74,86,7.97,51,6.7,1,1,1,Low Risk,1
STU-0269,66,4.0,76,41,5.0,54,6.5,1,1,1,Low Risk,1
STU-0270,77,7.5,100,70,10.0,67,9.1,1,0,0,Low Risk,1
STU-0271,100,1.0,88,48,10.0,46,6.9,0,1,1,Medium Risk,0
STU-0272,46,5.9,77,76,7.79,52,8.2,1,1,1,Low Risk,1
STU-0273,98,1.0,28,64,10.0,51,6.7,1,0,1,Medium Risk,0
STU-0274,75,7.2,45,33,5.86,44,9.5,1,1,1,Medium Risk,0
STU-0275,55,4.2,66,73,5.41,90,6.0,1,0,1,Low Risk,1
STU-0276,84,4.9,72,53,7.08,71,6.1,1,1,0,Low Risk,1
STU-0277,78,0.5,41,82,7.87,66,9.3,1,0,1,Medium Risk,0
STU-0278,62,9.9,100,65,6.21,80,6.3,1,1,1,Low Risk,1
STU-0279,76,3.9,100,72,8.08,53,9.4,0,1,1,Low Risk,1
STU-0280,67,1.1,85,45,7.61,40,8.3,1,0,1,Medium Risk,0
STU-0281,77,5.3,71,53,5.0,44,6.8,1,1,0,Low Risk,1
STU-0282,88,1.0,64,55,8.04,60,4.3,1,1,1,Low Risk,1
STU-0283,100,6.2,46,82,8.73,33,7.0,1,1,1,Low Risk,1
STU-0284,50,0.5,71,98,7.34,47,7.2,1,1,0,Medium Risk,0
STU-0285,100,3.6,76,48,9.31,47,8.8,1,1,1,Low Risk,1
STU-0286,35,2.3,38,86,4.57,100,9.4,1,1,0,Medium Risk,0
STU-0287,71,0.5,78,21,7.94,0,6.0,0,0,1,Medium Risk,0
STU-0288,86,0.8,66,41,4.66,55,8.2,1,0,0,Medium Risk,0
STU-0289,80,0.5,22,45,4.77,100,8.1,1,1,1,Medium Risk,0
STU-0290,62,1.9,48,37,5.74,63,8.6,1,0,0,Medium Risk,0
STU-0291,70,1.1,59,33,5.12,78,7.7,1,1,1,Low Risk,1
STU-0292,65,2.7,100,73,5.9,62,4.1,1,1,0,Low Risk,1
STU-0293,63,1.1,83,60,6.57,43,6.8,0,1,0,Low Risk,1
STU-0294,91,1.1,36,72,8.67,3,5.3,1,0,1,Medium Risk,0
STU-0295,82,4.1,82,78,6.36,65,6.7,1,1,0,Low Risk,1
STU-0296,61,0.5,31,70,3.83,40,8.5,1,1,1,Medium Risk,0
STU-0297,92,7.0,97,78,9.28,39,7.5,1,0,1,Low Risk,1
STU-0298,81,5.7,58,63,5.33,47,8.7,1,1,1,Low Risk,1
STU-0299,91,3.3,67,41,6.88,100,7.5,1,1,1,Low Risk,1
STU-0300,87,2.7,100,86,7.89,100,5.1,1,0,0,Low Risk,1
STU-0301,58,6.7,37,53,7.4,65,3.2,1,1,0,Medium Risk,0
STU-0302,63,0.6,35,46,9.19,48,7.2,1,0,1,Medium Risk,0
STU-0303,89,0.5,55,61,7.96,30,6.7,1,1,0,Low Risk,1
STU-0304,87,0.8,95,46,5.28,71,5.5,1,1,1,Low Risk,1
STU-0305,74,4.7,32,56,10.0,100,4.4,1,1,0,Low Risk,1
STU-0306,77,0.5,0,71,7.39,53,5.9,1,1,1,Low Risk,1
STU-0307,100,2.6,58,71,6.71,0,6.7,0,1,0,Medium Risk,0
STU-0308,63,12.0,83,47,8.93,76,8.0,1,1,1,Low Risk,1
STU-0309,85,5.8,100,55,7.5,84,7.3,0,1,0,Low Risk,1
STU-0310,70,2.2,58,86,7.8,20,9.4,1,0,0,Medium Risk,0
STU-0311,70,0.5,59,74,10.0,64,5.4,1,0,1,Low Risk,1
STU-0312,96,5.3,98,100,6.45,71,8.3,0,1,0,Low Risk,1
STU-0313,91,2.7,23,88,6.36,58,7.1,1,1,1,Low Risk,1
STU-0314,91,0.5,60,87,7.23,40,8.0,1,0,1,Low Risk,1
STU-0315,100,0.5,74,37,9.14,85,6.3,1,0,0,Medium Risk,0
STU-0316,75,7.2,81,80,3.99,49,8.6,1,1,1,Low Risk,1
STU-0317,88,3.3,57,63,3.07,22,7.4,1,1,1,Low Risk,1
STU-0318,68,5.3,70,53,5.83,8,6.0,1,1,1,Low Risk,1
STU-0319,81,6.3,7,68,3.73,91,7.0,1,1,1,Low Risk,1
STU-0320,72,2.5,53,83,6.15,75,6.6,0,1,1,Low Risk,1
STU-0321,76,2.2,81,75,8.0,62,7.7,0,1,0,Low Risk,1
STU-0322,86,1.7,45,47,5.22,48,5.2,1,1,0,Medium Risk,0
STU-0323,58,1.1,71,79,4.15,46,7.0,1,0,1,Medium Risk,0
STU-0324,100,1.7,81,52,7.14,33,7.6,1,1,0,Low Risk,1
STU-0325,54,4.5,61,69,8.73,49,7.0,1,1,0,Low Risk,1
STU-0326,50,2.8,74,58,3.61,6,9.0,1,1,1,Medium Risk,0
STU-0327,98,6.7,45,60,8.64,41,8.2,1,0,1,Low Risk,1
STU-0328,90,1.8,64,80,8.63,52,7.0,1,1,0,Low Risk,1
STU-0329,87,2.8,85,44,8.91,75,7.3,1,0,0,Medium Risk,0
STU-0330,87,3.0,73,100,9.44,59,7.4,1,0,0,Low Risk,1
STU-0331,74,2.7,55,28,10.0,79,7.6,1,1,0,Medium Risk,0
STU-0332,57,3.6,75,53,6.29,93,4.3,1,1,0,Low Risk,1
STU-0333,76,0.8,87,72,7.22,86,6.5,1,1,0,Low Risk,1
STU-0334,61,2.2,18,76,6.17,71,4.8,1,1,1,Medium Risk,0
STU-0335,94,0.5,98,62,7.0,60,8.9,0,1,1,Low Risk,1
STU-0336,72,1.5,61,63,10.0,35,6.9,1,1,0,Low Risk,1
STU-0337,58,2.0,80,73,4.31,78,6.7,0,1,0,Medium Risk,0
STU-0338,68,3.2,99,60,5.28,100,8.3,1,0,1,Low Risk,1
STU-0339,83,9.0,35,92,9.75,68,7.6,1,1,0,Low Risk,1
STU-0340,63,2.8,52,81,9.04,100,5.3,1,1,1,Low Risk,1
STU-0341,58,4.1,62,82,6.27,21,6.9,1,0,1,Medium Risk,0
STU-0342,79,2.1,50,45,8.71,31,6.5,1,1,1,Medium Risk,0
STU-0343,79,3.0,100,63,7.68,81,4.4,1,1,0,Low Risk,1
STU-0344,64,0.5,48,58,10.0,66,6.0,1,1,1,Low Risk,1
STU-0345,65,0.9,56,44,7.15,92,6.7,0,1,1,Medium Risk,0
STU-0346,79,1.3,75,72,9.05,59,6.8,1,1,1,Low Risk,1
STU-0347,46,1.9,39,54,10.0,38,4.8,1,0,1,High Risk,0
STU-0348,46,0.5,60,78,8.2,54,8.7,1,0,0,Medium Risk,0
STU-0349,60,0.5,77,43,7.1,21,6.8,1,1,0,Medium Risk,0
STU-0350,70,1.0,61,99,8.44,31,7.1,1,1,1,Low Risk,1
STU-0351,81,10.7,67,47,6.27,84,7.6,1,1,1,Low Risk,1
STU-0352,100,1.2,56,69,10.0,81,5.8,1,1,1,Low Risk,1
STU-0353,92,2.0,32,80,7.36,69,7.7,1,1,1,Low Risk,1
STU-0354,71,0.7,78,53,6.45,16,6.4,1,1,0,Low Risk,1
STU-0355,74,2.8,100,82,5.33,51,5.7,1,0,0,Low Risk,1
STU-0356,54,1.0,70,40,9.19,29,7.9,1,0,1,Medium Risk,0
STU-0357,74,0.7,75,94,8.73,89,9.2,1,1,0,Low Risk,1
STU-0358,69,2.2,87,65,6.01,45,8.1,1,1,1,Low Risk,1
STU-0359,81,0.5,38,53,8.15,32,8.4,1,1,0,Medium Risk,0
STU-0360,58,0.5,100,59,3.98,60,6.2,0,1,1,Medium Risk,0
STU-0361,85,0.7,75,81,7.37,43,4.6,1,1,1,Low Risk,1
STU-0362,100,0.5,100,53,7.91,97,9.2,1,1,1,Low Risk,1
STU-0363,72,0.5,51,50,10.0,41,10.1,1,1,0,Low Risk,1
STU-0364,83,1.2,100,60,5.46,25,9.3,1,1,1,Low Risk,1
STU-0365,88,4.9,89,41,4.44,6,6.5,1,1,1,Medium Risk,0
STU-0366,66,2.5,83,100,5.21,59,5.3,1,1,1,Low Risk,1
STU-0367,79,2.2,75,53,4.33,45,5.4,1,0,0,Medium Risk,0
STU-0368,75,1.0,63,81,9.67,24,4.5,1,1,0,Medium Risk,0
STU-0369,76,8.1,100,69,10.0,89,6.8,1,1,0,Low Risk,1
STU-0370,59,1.5,73,45,7.64,76,9.4,0,1,0,Medium Risk,0
STU-0371,75,0.5,20,64,9.44,59,6.8,1,1,1,Low Risk,1
STU-0372,84,2.9,42,80,7.27,94,7.5,0,1,1,Medium Risk,0
STU-0373,100,0.5,65,61,6.81,76,9.1,1,0,0,Low Risk,1
STU-0374,94,1.3,77,88,6.33,39,6.4,1,1,0,Low Risk,1
STU-0375,100,2.1,68,85,6.38,34,10.1,1,0,0,Medium Risk,0
STU-0376,59,6.2,100,83,3.9,80,10.0,1,0,1,Medium Risk,0
STU-0377,92,2.0,21,55,7.53,69,6.8,1,1,1,Low Risk,1
STU-0378,78,3.6,73,43,6.92,64,6.1,0,1,1,Low Risk,1
STU-0379,100,12.0,24,52,8.49,38,8.0,1,1,0,Medium Risk,0
STU-0380,58,0.5,88,68,7.19,75,6.5,1,1,1,Low Risk,1
STU-0381,58,1.0,67,75,6.67,41,5.3,1,1,0,Medium Risk,0
STU-0382,63,1.5,80,21,5.26,57,8.9,1,0,0,Medium Risk,0
STU-0383,32,1.6,48,64,7.14,96,8.8,1,0,1,Medium Risk,0
STU-0384,64,1.6,100,68,8.48,43,7.2,1,1,1,Low Risk,1
STU-0385,59,7.1,96,59,4.71,20,5.1,1,0,0,Medium Risk,0
STU-0386,78,3.8,84,90,7.17,33,5.2,1,1,0,Low Risk,1
STU-0387,81,2.8,66,73,7.47,84,7.2,1,1,0,Low Risk,1
STU-0388,100,1.1,84,91,5.56,66,6.3,1,1,0,Low Risk,1
STU-0389,94,5.2,52,60,5.82,56,6.5,1,0,1,Low Risk,1
STU-0390,63,9.3,91,83,7.46,47,8.5,1,1,1,Low Risk,1
STU-0391,57,5.2,100,97,4.73,72,8.1,1,1,0,Medium Risk,0
STU-0392,84,0.5,96,91,7.7,38,9.1,1,0,0,Medium Risk,0
STU-0393,48,3.0,51,43,5.21,67,5.5,1,1,0,Medium Risk,0
STU-0394,100,0.5,79,59,9.13,41,6.5,0,1,1,Low Risk,1
STU-0395,98,0.9,37,58,10.0,37,8.1,1,1,0,Medium Risk,0
STU-0396,65,0.5,84,74,5.28,44,7.7,1,1,1,Low Risk,1
STU-0397,40,2.8,81,78,8.07,50,9.3,1,0,0,Medium Risk,0
STU-0398,100,3.5,23,48,5.55,58,7.6,1,1,1,Medium Risk,0
STU-0399,72,0.5,40,66,9.08,65,9.8,1,1,1,Low Risk,1
STU-0400,99,1.5,62,24,4.47,0,7.8,1,0,1,Medium Risk,0
STU-0401,43,1.8,62,93,7.96,39,8.6,1,1,1,Medium Risk,0
STU-0402,63,1.4,39,54,5.25,50,6.5,1,0,1,Medium Risk,0
STU-0403,75,0.5,79,66,6.59,97,7.0,1,1,1,Low Risk,1
STU-0404,75,1.6,76,58,4.94,32,8.4,0,0,0,Medium Risk,0
STU-0405,65,4.2,65,87,8.64,64,9.4,1,1,0,Low Risk,1
STU-0406,87,0.5,51,8,5.33,97,8.1,1,1,0,Medium Risk,0
STU-0407,53,0.5,96,64,8.1,27,6.9,1,1,1,Medium Risk,0
STU-0408,72,1.3,100,62,6.31,69,9.1,1,1,1,Low Risk,1
STU-0409,77,8.5,57,55,6.77,39,3.7,1,1,0,Low Risk,1
STU-0410,85,3.3,54,99,7.3,47,4.9,1,1,1,Low Risk,1
STU-0411,89,3.4,82,47,5.48,39,8.0,1,1,1,Low Risk,1
STU-0412,52,1.3,61,80,7.42,41,7.0,1,1,1,Low Risk,1
STU-0413,44,2.7,66,72,10.0,100,7.9,1,1,1,Low Risk,1
STU-0414,100,0.5,88,90,5.44,81,7.1,1,1,1,Low Risk,1
STU-0415,81,3.0,22,51,9.34,87,7.9,1,1,0,Low Risk,1
STU-0416,60,7.3,100,50,10.0,72,5.8,1,1,0,Low Risk,1
STU-0417,100,2.8,71,86,5.37,19,7.9,1,0,1,Low Risk,1
STU-0418,77,6.2,59,73,4.09,69,8.5,1,1,0,Low Risk,1
STU-0419,98,3.9,67,34,7.6,86,8.8,1,0,0,Low Risk,1
STU-0420,76,0.5,69,54,5.91,38,10.0,0,1,1,Low Risk,1
STU-0421,100,7.0,26,72,10.0,84,7.4,1,0,1,Low Risk,1
STU-0422,100,0.5,100,81,7.07,77,7.4,1,1,1,Low Risk,1
STU-0423,70,2.3,71,51,5.4,100,4.7,1,1,0,Low Risk,1
STU-0424,94,0.5,81,6,4.71,49,6.2,1,1,1,Medium Risk,0
STU-0425,87,0.5,93,75,9.18,32,6.7,1,1,0,Low Risk,1
STU-0426,100,1.6,44,40,5.86,50,8.6,1,1,0,Medium Risk,0
STU-0427,55,1.0,81,24,7.09,95,6.1,1,1,1,Medium Risk,0
STU-0428,88,2.0,63,8,8.91,14,8.2,1,1,0,Medium Risk,0
STU-0429,96,2.6,91,81,6.03,8,7.0,1,1,0,Low Risk,1
STU-0430,39,0.5,16,67,6.91,62,6.7,1,1,1,Medium Risk,0
STU-0431,51,0.5,67,60,6.97,48,7.4,1,1,0,Medium Risk,0
STU-0432,34,2.5,54,92,8.37,60,6.4,1,0,1,Medium Risk,0
STU-0433,69,1.3,80,77,8.18,83,6.4,0,1,1,Low Risk,1
STU-0434,89,3.9,81,97,6.56,46,4.4,1,1,1,Low Risk,1
STU-0435,100,3.2,52,37,7.13,13,6.6,0,1,0,Medium Risk,0
STU-0436,76,5.6,52,64,6.26,100,6.3,1,1,1,Low Risk,1
STU-0437,100,3.5,67,32,4.04,35,6.2,1,1,0,Medium Risk,0
STU-0438,47,1.7,47,60,7.52,33,7.6,1,1,1,Medium Risk,0
STU-0439,40,3.4,91,60,10.0,87,8.0,1,0,0,Low Risk,1
STU-0440,73,1.0,60,77,5.23,50,7.3,1,1,0,Low Risk,1
STU-0441,82,1.1,0,65,5.45,58,8.5,1,0,1,Medium Risk,0
STU-0442,74,4.7,60,77,5.26,72,7.9,1,1,0,Low Risk,1
STU-0443,33,1.8,44,79,8.45,87,6.6,1,1,0,Medium Risk,0
STU-0444,73,4.8,29,100,7.9,51,6.3,1,0,0,Low Risk,1
STU-0445,48,5.2,39,58,6.68,97,7.5,1,1,1,Medium Risk,0
STU-0446,88,5.8,72,46,5.16,6,7.9,1,1,0,Medium Risk,0
STU-0447,82,7.5,100,69,7.18,78,9.1,1,0,0,Low Risk,1
STU-0448,56,1.7,77,48,3.87,39,8.8,1,1,0,High Risk,0
STU-0449,64,1.2,54,94,7.29,94,6.2,1,0,1,Low Risk,1
STU-0450,53,2.6,81,59,8.74,63,6.8,1,1,1,Low Risk,1
STU-0451,73,1.4,58,53,4.5,43,8.0,0,1,0,Medium Risk,0
STU-0452,94,2.8,52,55,3.93,76,8.6,1,1,0,Low Risk,1
STU-0453,55,3.7,41,79,10.0,82,8.4,1,1,0,Medium Risk,0
STU-0454,85,3.5,26,61,5.78,76,6.9,1,1,0,Low Risk,1
STU-0455,64,1.4,60,52,9.27,34,5.1,1,0,0,Medium Risk,0
STU-0456,59,0.5,73,98,6.69,47,5.5,1,1,1,Low Risk,1
STU-0457,72,1.7,67,47,6.68,59,7.4,1,1,1,Low Risk,1
STU-0458,54,0.5,59,65,7.88,58,7.5,1,0,1,Medium Risk,0
STU-0459,63,6.6,46,78,5.23,78,5.4,0,1,0,Low Risk,1
STU-0460,51,1.3,85,32,7.26,9,7.1,1,0,1,Medium Risk,0
STU-0461,100,0.5,37,74,6.24,68,7.9,1,1,1,Low Risk,1
STU-0462,75,0.5,89,43,4.36,52,5.3,1,1,1,Medium Risk,0
STU-0463,61,3.1,44,81,7.67,39,8.7,1,1,1,Low Risk,1
STU-0464,79,3.0,51,45,6.47,41,6.4,1,1,0,Low Risk,1
STU-0465,72,1.2,33,78,6.69,54,8.9,1,1,0,Medium Risk,0
STU-0466,70,0.5,57,87,4.58,0,6.2,1,0,1,Medium Risk,0
STU-0467,87,1.6,94,82,10.0,42,5.5,1,1,0,Low Risk,1
STU-0468,90,1.1,82,70,8.75,38,6.3,1,1,0,Low Risk,1
STU-0469,64,3.4,94,60,8.93,73,6.9,0,1,0,Low Risk,1
STU-0470,63,2.8,83,53,6.39,39,6.4,1,1,0,Low Risk,1
STU-0471,69,1.4,42,94,3.54,54,6.7,1,0,1,Medium Risk,0
STU-0472,28,0.7,61,51,10.0,98,7.5,1,1,0,Medium Risk,0
STU-0473,44,12.0,50,44,6.88,84,6.7,0,0,0,Medium Risk,0
STU-0474,100,1.8,100,78,5.5,82,6.9,1,0,1,Low Risk,1
STU-0475,100,3.5,40,49,7.83,47,4.4,1,1,1,Medium Risk,0
STU-0476,70,0.5,92,45,9.33,73,7.6,1,0,1,Medium Risk,0
STU-0477,86,2.0,92,36,6.95,54,6.9,0,0,0,Medium Risk,0
STU-0478,81,0.5,100,55,9.56,55,9.4,0,1,1,Low Risk,1
STU-0479,100,2.1,59,63,9.17,70,5.6,1,0,1,Low Risk,1
STU-0480,97,10.0,87,69,4.85,45,4.3,1,0,1,Low Risk,1
STU-0481,72,1.5,100,84,5.65,97,7.9,1,0,0,Low Risk,1
STU-0482,55,0.5,54,75,8.92,55,7.5,1,0,1,Medium Risk,0
STU-0483,42,0.5,31,61,1.57,75,5.5,1,1,1,Medium Risk,0
STU-0484,79,1.5,22,61,6.7,96,4.7,1,1,1,Medium Risk,0
STU-0485,59,0.5,87,75,4.14,85,9.3,1,1,0,Medium Risk,0
STU-0486,46,0.5,22,90,6.05,24,9.1,1,1,0,Medium Risk,0
STU-0487,62,4.2,60,67,6.4,71,3.3,1,0,1,Low Risk,1
STU-0488,53,1.8,80,55,6.28,81,6.3,1,0,1,Medium Risk,0
STU-0489,100,1.0,74,45,5.9,82,9.5,0,0,0,Medium Risk,0
STU-0490,92,6.9,80,36,4.81,32,6.3,1,1,1,Medium Risk,0
STU-0491,74,0.5,75,78,10.0,43,6.3,0,1,1,Low Risk,1
STU-0492,100,9.4,100,76,10.0,84,6.6,0,1,1,Low Risk,1
STU-0493,76,1.1,46,76,4.68,40,5.3,1,1,1,Medium Risk,0
STU-0494,57,6.6,53,62,10.0,52,4.4,1,0,0,Medium Risk,0
STU-0495,100,2.8,50,93,6.2,99,8.6,0,1,1,Low Risk,1
STU-0496,85,5.3,90,55,7.26,58,4.2,1,1,1,Low Risk,1
STU-0497,54,12.0,92,84,6.87,41,7.4,1,1,1,Low Risk,1
STU-0498,71,1.0,81,64,5.68,38,8.3,1,1,0,Low Risk,1
STU-0499,57,9.7,99,52,8.97,68,4.8,1,1,1,Low Risk,1
STU-0500,47,1.5,40,76,7.25,26,5.6,1,1,0,Medium Risk,0
STU-0501,93,1.5,100,73,6.05,53,8.8,1,1,0,Low Risk,1
STU-0502,100,1.2,100,72,4.39,68,7.8,1,1,1,Low Risk,1
STU-0503,47,2.3,88,66,5.21,92,6.1,1,1,1,Low Risk,1
STU-0504,86,0.5,100,64,3.72,76,8.8,1,0,1,Low Risk,1
STU-0505,61,2.4,28,100,7.02,42,8.8,1,1,0,Medium Risk,0
STU-0506,65,2.3,56,88,4.61,89,7.4,1,1,1,Low Risk,1
STU-0507,63,4.3,51,79,6.47,52,5.6,1,0,0,Low Risk,1
STU-0508,57,5.4,88,67,9.74,29,6.4,1,1,1,Low Risk,1
STU-0509,75,1.7,43,85,9.4,55,7.4,0,0,0,Medium Risk,0
STU-0510,58,1.1,88,75,6.94,95,6.7,1,1,1,Low Risk,1
STU-0511,80,0.9,100,65,6.83,64,8.4,1,1,1,Low Risk,1
STU-0512,73,0.6,87,58,10.0,60,4.7,1,1,0,Low Risk,1
STU-0513,70,0.5,77,63,8.04,100,4.8,1,0,0,Low Risk,1
STU-0514,56,1.3,45,1,6.34,24,7.3,1,1,1,High Risk,0
STU-0515,63,0.9,48,69,4.15,27,6.3,1,1,1,Medium Risk,0
STU-0516,90,10.2,100,55,7.79,19,6.1,1,1,1,Low Risk,1
STU-0517,85,2.4,89,96,8.66,69,4.3,1,1,1,Low Risk,1
STU-0518,55,1.3,69,65,5.74,64,7.0,1,1,0,Medium Risk,0
STU-0519,76,2.6,59,41,7.58,98,6.9,1,1,0,Medium Risk,0
STU-0520,90,0.5,19,64,6.27,66,8.0,1,0,0,Medium Risk,0
STU-0521,41,1.8,43,44,6.63,49,7.1,1,0,0,High Risk,0
STU-0522,85,3.0,100,74,2.02,60,6.8,1,1,1,Low Risk,1
STU-0523,61,2.0,37,70,6.56,62,8.8,1,0,0,Medium Risk,0
STU-0524,86,1.5,74,84,8.94,18,5.0,1,1,1,Low Risk,1
STU-0525,59,12.0,95,49,5.74,100,7.8,1,0,1,Medium Risk,0
STU-0526,38,6.4,38,65,7.11,72,4.5,1,1,1,Medium Risk,0
STU-0527,42,2.9,74,37,5.49,65,5.7,1,1,1,Medium Risk,0
STU-0528,75,2.5,93,79,7.72,75,5.2,1,1,0,Low Risk,1
STU-0529,80,2.9,70,75,6.57,77,8.2,1,1,1,Low Risk,1
STU-0530,56,0.7,100,74,5.12,56,6.9,1,0,0,Medium Risk,0
STU-0531,87,1.5,28,65,9.67,44,7.0,1,1,0,Medium Risk,0
STU-0532,41,0.5,96,73,8.86,74,5.3,1,1,1,Low Risk,1
STU-0533,73,1.9,65,97,5.79,69,6.6,1,1,0,Low Risk,1
STU-0534,50,2.3,89,59,8.0,39,5.9,1,1,1,Medium Risk,0
STU-0535,61,0.8,81,67,8.07,95,7.6,0,1,1,Low Risk,1
STU-0536,75,10.0,51,43,8.28,67,5.5,0,1,1,Low Risk,1
STU-0537,57,7.2,75,47,3.61,78,9.0,1,1,0,Medium Risk,0
STU-0538,67,3.8,23,66,9.01,94,4.5,1,1,1,Low Risk,1
STU-0539,95,2.3,85,87,5.86,60,5.8,1,1,0,Low Risk,1
STU-0540,63,6.1,77,59,6.28,67,9.5,1,1,1,Low Risk,1
STU-0541,91,0.5,85,60,10.0,80,6.3,1,1,0,Low Risk,1
STU-0542,52,4.7,96,56,7.6,41,5.0,1,0,1,Low Risk,1
STU-0543,85,0.5,79,54,6.23,61,7.3,1,1,0,Low Risk,1
STU-0544,100,4.7,73,70,2.59,63,6.3,1,1,0,Low Risk,1
STU-0545,25,1.0,47,35,9.78,36,5.7,1,1,1,High Risk,0
STU-0546,59,6.3,52,90,4.31,100,5.4,1,1,0,Medium Risk,0
STU-0547,86,8.6,99,51,4.99,24,11.2,1,1,1,Low Risk,1
STU-0548,70,0.5,100,79,6.34,27,6.6,1,1,0,Low Risk,1
STU-0549,82,1.9,64,39,9.83,92,4.1,1,1,0,Medium Risk,0
STU-0550,62,11.9,71,78,8.55,77,9.2,1,1,1,Low Risk,1
STU-0551,76,2.0,47,78,6.68,34,7.9,1,0,0,Medium Risk,0
STU-0552,71,6.0,99,72,7.62,75,5.9,1,0,0,Low Risk,1
STU-0553,98,2.7,86,45,5.8,96,5.6,1,0,1,Medium Risk,0
STU-0554,80,1.4,100,69,7.28,59,8.0,0,1,0,Low Risk,1
STU-0555,81,1.0,48,41,7.15,100,6.6,0,1,0,Medium Risk,0
STU-0556,66,0.7,60,59,8.94,16,4.1,1,0,0,Medium Risk,0
STU-0557,65,4.3,75,85,8.93,77,9.7,1,1,0,Low Risk,1
STU-0558,66,1.5,86,80,7.99,89,6.3,1,1,1,Low Risk,1
STU-0559,82,2.1,64,65,6.28,82,9.2,1,0,0,Low Risk,1
STU-0560,66,2.0,48,45,8.48,54,8.9,0,1,1,Medium Risk,0
STU-0561,80,2.6,92,77,6.82,52,5.5,1,1,0,Low Risk,1
STU-0562,100,6.0,88,65,4.84,71,8.5,0,1,0,Low Risk,1
STU-0563,92,11.8,47,18,6.19,80,6.0,1,1,0,Medium Risk,0
STU-0564,68,1.6,100,80,7.17,75,4.2,1,1,1,Low Risk,1
STU-0565,99,5.3,99,64,8.82,86,6.4,1,1,1,Low Risk,1
STU-0566,66,4.3,73,89,6.63,34,7.6,1,1,1,Low Risk,1
STU-0567,34,2.6,71,43,4.58,54,6.3,1,1,1,Medium Risk,0
STU-0568,54,9.4,83,1,7.11,36,6.5,1,1,0,Medium Risk,0
STU-0569,37,0.7,48,70,7.23,50,8.7,1,1,0,Medium Risk,0
STU-0570,67,0.5,70,70,7.37,85,7.2,1,1,0,Low Risk,1
STU-0571,75,5.8,16,31,8.84,62,5.7,1,0,0,Medium Risk,0
STU-0572,100,1.7,91,45,9.04,100,8.1,1,1,0,Medium Risk,0
STU-0573,81,5.6,30,100,5.81,64,7.3,1,1,0,Low Risk,1
STU-0574,70,6.7,100,58,5.77,61,3.2,1,1,0,Low Risk,1
STU-0575,91,0.5,61,79,4.92,62,7.6,1,0,0,Medium Risk,0
STU-0576,30,6.4,64,51,8.4,44,7.6,0,0,0,Medium Risk,0
STU-0577,79,1.8,54,23,9.9,58,7.0,1,1,0,Medium Risk,0
STU-0578,90,2.1,62,61,6.37,88,8.3,1,0,1,Low Risk,1
STU-0579,45,3.0,100,59,6.52,62,6.0,1,1,0,Low Risk,1
STU-0580,97,7.8,7,57,9.93,40,7.5,1,1,1,Low Risk,1
STU-0581,81,0.5,100,62,8.01,36,4.6,1,1,1,Low Risk,1
STU-0582,66,1.9,78,70,7.87,48,7.6,0,0,0,Low Risk,1
STU-0583,87,3.5,39,61,4.62,61,9.9,0,0,0,Medium Risk,0
STU-0584,100,3.8,43,39,8.36,89,5.5,1,0,0,Medium Risk,0
STU-0585,78,3.5,100,74,5.14,26,5.9,1,0,1,Low Risk,1
STU-0586,79,0.5,46,26,4.73,52,5.9,1,1,0,Medium Risk,0
STU-0587,65,1.1,41,23,6.31,63,7.2,1,1,0,Medium Risk,0
STU-0588,58,1.3,98,79,5.83,14,5.4,1,0,0,Medium Risk,0
STU-0589,91,4.9,78,75,6.56,39,7.6,1,0,1,Low Risk,1
STU-0590,57,1.0,46,63,4.12,43,8.3,1,0,0,High Risk,0
STU-0591,76,0.7,75,37,8.92,40,7.8,1,1,1,Low Risk,1
STU-0592,65,9.5,44,50,9.26,64,4.3,1,1,1,Low Risk,1
STU-0593,84,0.5,97,59,3.11,55,8.5,0,1,1,Low Risk,1
STU-0594,81,12.0,96,33,8.96,46,8.4,1,1,1,Low Risk,1
STU-0595,95,3.4,83,50,5.38,70,8.2,1,1,1,Low Risk,1
STU-0596,64,5.3,79,78,8.71,100,7.6,1,1,1,Low Risk,1
STU-0597,69,1.0,100,93,6.86,100,7.3,1,0,1,Low Risk,1
STU-0598,55,0.5,69,56,7.06,11,8.5,1,1,0,Medium Risk,0
STU-0599,66,4.0,40,80,6.63,74,9.9,1,0,0,Low Risk,1
STU-0600,82,5.4,81,26,9.42,55,5.6,1,1,1,Low Risk,1
STU-0601,90,4.0,100,78,4.52,63,8.6,0,0,1,Low Risk,1
STU-0602,56,0.5,44,48,8.22,50,6.9,1,1,1,Medium Risk,0
STU-0603,92,4.2,60,71,9.2,62,6.8,1,0,1,Low Risk,1
STU-0604,100,4.4,80,60,8.43,63,4.7,1,1,1,Low Risk,1
STU-0605,83,3.2,68,91,10.0,45,6.6,1,1,0,Low Risk,1
STU-0606,100,4.4,45,47,5.94,37,5.5,1,1,1,Medium Risk,0
STU-0607,59,5.6,98,77,8.91,48,6.3,1,1,0,Low Risk,1
STU-0608,50,2.9,100,59,6.79,65,5.4,0,1,1,Medium Risk,0
STU-0609,39,0.5,74,61,9.47,74,6.3,1,1,1,Low Risk,1
STU-0610,100,2.0,47,61,6.98,81,6.4,1,1,1,Low Risk,1
STU-0611,88,0.5,31,48,6.22,47,7.1,1,0,0,Medium Risk,0
STU-0612,73,1.6,76,64,9.61,67,4.6,1,1,0,Low Risk,1
STU-0613,80,1.6,97,63,6.02,84,4.8,1,1,0,Low Risk,1
STU-0614,52,0.5,81,69,4.17,89,7.5,1,1,1,Medium Risk,0
STU-0615,100,1.3,69,66,5.97,58,5.8,1,1,1,Low Risk,1
STU-0616,77,0.5,55,80,8.24,54,8.6,1,1,0,Low Risk,1
STU-0617,77,5.0,42,83,9.78,64,7.3,1,1,1,Low Risk,1
STU-0618,89,8.9,90,43,7.22,31,7.9,1,1,1,Low Risk,1
STU-0619,84,0.5,92,82,9.64,55,9.1,1,1,0,Low Risk,1
STU-0620,79,9.3,31,41,4.28,78,6.5,1,0,1,Medium Risk,0
STU-0621,59,2.2,100,76,6.11,76,6.1,0,0,1,Medium Risk,0
STU-0622,84,1.1,84,77,6.42,53,8.3,1,1,1,Low Risk,1
STU-0623,100,0.5,100,26,6.77,65,7.8,1,1,1,Low Risk,1
STU-0624,100,2.1,36,66,7.17,39,6.7,1,1,1,Medium Risk,0
STU-0625,100,4.7,35,55,8.38,77,9.1,1,0,1,Low Risk,1
STU-0626,64,3.7,66,49,6.11,58,6.7,1,1,0,Low Risk,1
STU-0627,55,0.5,82,92,7.28,53,7.0,1,1,1,Low Risk,1
STU-0628,72,0.5,100,51,6.91,50,7.0,0,1,0,Low Risk,1
STU-0629,76,1.5,87,48,5.15,58,5.6,1,1,0,Medium Risk,0
STU-0630,96,1.0,63,66,6.77,48,7.1,1,1,0,Low Risk,1
STU-0631,41,0.8,44,78,6.71,76,9.1,1,0,0,Medium Risk,0
STU-0632,100,1.0,100,62,6.67,50,7.7,1,1,1,Low Risk,1
STU-0633,71,4.9,45,88,7.06,99,7.0,1,1,1,Low Risk,1
STU-0634,66,7.9,100,75,7.15,96,6.8,1,1,0,Low Risk,1
STU-0635,54,1.6,62,21,6.14,37,7.5,1,0,1,Medium Risk,0
STU-0636,41,7.1,100,54,9.55,61,8.1,1,1,1,Low Risk,1
STU-0637,91,1.2,86,53,4.66,43,7.9,0,0,1,Medium Risk,0
STU-0638,76,1.9,66,74,5.56,51,6.5,1,1,1,Low Risk,1
STU-0639,49,0.8,57,12,10.0,100,7.5,0,0,0,Medium Risk,0
STU-0640,49,3.1,61,100,4.92,52,7.7,1,0,1,Medium Risk,0
STU-0641,68,11.6,80,75,4.29,69,5.5,1,0,1,Low Risk,1
STU-0642,100,2.8,71,67,8.47,73,7.3,1,0,1,Low Risk,1
STU-0643,69,1.3,55,88,2.85,34,3.8,1,0,1,Medium Risk,0
STU-0644,44,3.1,65,100,6.53,38,7.7,1,1,1,Low Risk,1
STU-0645,70,0.5,71,82,10.0,29,8.0,1,0,1,Low Risk,1
STU-0646,69,6.6,16,83,3.91,37,8.1,1,1,1,Medium Risk,0
STU-0647,21,2.1,81,67,3.04,0,6.4,1,0,1,Medium Risk,0
STU-0648,73,1.8,45,62,4.0,73,7.5,1,1,0,Medium Risk,0
STU-0649,70,2.6,41,55,8.8,100,9.1,0,1,0,Medium Risk,0
STU-0650,88,2.9,27,48,9.25,63,9.1,0,0,0,Medium Risk,0
STU-0651,100,0.5,25,51,5.97,24,7.0,1,1,1,Medium Risk,0
STU-0652,97,3.4,36,37,8.37,43,7.2,1,0,1,Medium Risk,0
STU-0653,69,0.8,52,63,9.78,48,8.7,1,1,0,Low Risk,1
STU-0654,52,3.8,100,31,10.0,34,4.7,1,1,1,Medium Risk,0
STU-0655,100,5.2,56,68,6.51,81,6.5,1,0,1,Low Risk,1
STU-0656,76,4.9,74,64,2.4,80,9.0,1,1,1,Low Risk,1
STU-0657,75,2.4,80,67,5.36,31,8.5,1,0,0,Medium Risk,0
STU-0658,74,2.2,73,54,6.15,78,7.6,1,1,1,Low Risk,1
STU-0659,78,0.5,68,100,6.48,98,4.7,1,1,1,Low Risk,1
STU-0660,72,4.5,40,92,6.62,100,6.9,0,1,1,Low Risk,1
STU-0661,63,0.9,100,40,9.24,100,6.1,1,1,1,Low Risk,1
STU-0662,64,2.1,100,69,9.55,37,7.5,1,0,1,Low Risk,1
STU-0663,74,1.0,27,52,6.66,100,5.8,1,0,0,Medium Risk,0
STU-0664,64,0.5,44,44,9.2,51,5.5,0,0,1,Medium Risk,0
STU-0665,60,3.0,63,38,7.72,45,3.9,1,1,0,Low Risk,1
STU-0666,77,0.5,45,73,7.13,68,8.8,1,0,0,Medium Risk,0
STU-0667,69,4.1,82,51,8.81,45,6.4,0,1,0,Low Risk,1
STU-0668,100,1.1,51,84,7.14,69,7.2,1,1,0,Low Risk,1
STU-0669,21,0.5,100,84,10.0,26,7.0,1,0,0,Medium Risk,0
STU-0670,96,2.1,99,92,4.12,54,5.4,1,1,1,Low Risk,1
STU-0671,99,0.5,75,47,5.97,92,5.1,1,1,1,Low Risk,1
STU-0672,33,1.0,95,74,6.75,58,5.5,1,1,0,Medium Risk,0
STU-0673,68,3.7,97,77,7.88,63,5.9,1,1,1,Low Risk,1
STU-0674,67,0.5,55,55,9.54,71,7.5,1,1,0,Low Risk,1
STU-0675,46,5.5,49,49,6.95,89,5.8,1,1,0,Medium Risk,0
STU-0676,59,0.5,71,97,4.16,18,9.6,1,1,1,Medium Risk,0
STU-0677,52,0.9,91,69,8.69,74,8.5,0,1,1,Medium Risk,0
STU-0678,100,4.1,73,77,8.51,53,8.2,1,0,1,Low Risk,1
STU-0679,93,1.1,30,48,3.12,64,6.8,1,1,0,Medium Risk,0
STU-0680,100,0.5,49,40,6.99,86,9.3,1,0,1,Medium Risk,0
STU-0681,89,1.3,68,53,3.82,30,6.7,1,0,1,Medium Risk,0
STU-0682,52,0.9,68,62,5.67,34,7.0,1,1,1,Medium Risk,0
STU-0683,64,5.5,100,43,5.19,11,7.3,0,1,0,Medium Risk,0
STU-0684,84,1.1,35,64,8.62,46,8.1,0,1,1,Medium Risk,0
STU-0685,50,4.7,82,31,7.23,93,8.0,1,0,1,Medium Risk,0
STU-0686,89,6.7,100,42,4.43,56,6.3,1,1,1,Low Risk,1
STU-0687,70,1.7,100,78,8.76,26,6.2,1,1,0,Low Risk,1
STU-0688,67,7.2,59,77,4.13,47,8.0,1,0,1,Low Risk,1
STU-0689,89,1.4,82,57,7.66,22,8.1,1,1,0,Low Risk,1
STU-0690,83,10.0,84,44,5.37,31,6.4,1,1,1,Low Risk,1
STU-0691,67,0.5,74,44,6.27,69,4.6,1,1,0,Medium Risk,0
STU-0692,98,3.5,67,57,8.01,30,6.7,0,0,0,Low Risk,1
STU-0693,53,2.0,80,77,8.04,87,7.9,1,0,1,Medium Risk,0
STU-0694,87,1.5,6,83,9.67,58,9.7,1,1,0,Medium Risk,0
STU-0695,86,3.0,87,55,6.84,62,5.2,0,1,0,Low Risk,1
STU-0696,68,3.7,73,41,7.61,53,6.4,1,1,0,Low Risk,1
STU-0697,81,0.5,64,70,6.12,79,6.4,0,0,0,Low Risk,1
STU-0698,49,0.5,100,48,7.36,79,9.0,0,1,1,Medium Risk,0
STU-0699,93,3.7,53,54,7.88,68,6.9,1,1,1,Low Risk,1
STU-0700,71,3.3,59,91,6.8,74,5.6,1,0,1,Low Risk,1
STU-0701,64,10.1,100,81,3.39,54,7.8,1,1,0,Low Risk,1
STU-0702,95,4.3,49,68,7.66,73,6.4,1,1,1,Low Risk,1
STU-0703,60,9.0,56,39,7.73,51,5.2,1,0,1,Low Risk,1
STU-0704,46,3.6,66,69,5.64,60,5.7,1,0,1,Low Risk,1
STU-0705,43,1.1,91,86,4.43,53,9.6,1,1,1,Medium Risk,0
STU-0706,87,0.5,75,57,9.95,48,7.6,0,1,1,Low Risk,1
STU-0707,49,4.6,37,92,7.98,42,7.2,1,1,1,Medium Risk,0
STU-0708,100,3.1,56,90,6.54,71,6.6,1,1,0,Low Risk,1
STU-0709,33,0.5,54,98,4.73,92,7.4,1,0,0,Medium Risk,0
STU-0710,100,1.3,68,71,5.36,89,7.4,0,1,1,Low Risk,1
STU-0711,79,9.4,80,76,9.61,28,7.4,0,1,1,Low Risk,1
STU-0712,73,2.1,80,93,7.28,92,7.2,1,0,0,Low Risk,1
STU-0713,64,1.7,25,73,5.9,52,8.3,1,1,0,Medium Risk,0
STU-0714,82,1.8,96,54,8.02,75,7.0,1,0,1,Low Risk,1
STU-0715,74,0.7,76,56,5.37,37,5.5,1,0,1,Low Risk,1
STU-0716,97,1.4,100,69,10.0,63,6.1,1,0,0,Low Risk,1
STU-0717,77,1.4,81,39,9.71,67,4.0,1,0,0,Medium Risk,0
STU-0718,78,0.5,97,62,6.07,22,10.0,1,1,1,Low Risk,1
STU-0719,67,4.4,81,86,5.74,75,8.3,1,1,1,Low Risk,1
STU-0720,73,1.6,100,21,1.76,93,5.8,1,1,0,Medium Risk,0
STU-0721,81,5.2,83,95,4.04,55,6.6,1,1,1,Low Risk,1
STU-0722,40,5.7,67,87,4.32,94,6.0,1,1,1,Low Risk,1
STU-0723,48,0.7,100,55,7.27,55,9.3,1,1,1,Low Risk,1
STU-0724,89,3.2,92,75,6.35,81,4.9,1,1,1,Low Risk,1
STU-0725,78,1.9,84,65,4.31,4,7.2,1,1,1,Medium Risk,0
STU-0726,71,6.4,38,89,6.44,100,6.8,1,1,0,Low Risk,1
STU-0727,75,0.7,37,84,8.01,97,8.2,1,1,0,Medium Risk,0
STU-0728,81,3.4,77,36,8.06,52,6.8,1,0,0,Low Risk,1
STU-0729,64,2.8,73,76,3.2,10,4.4,1,1,0,Medium Risk,0
STU-0730,59,1.0,54,60,6.74,67,6.6,1,1,0,Medium Risk,0
STU-0731,78,0.5,73,66,4.23,23,5.5,0,1,0,Medium Risk,0
STU-0732,55,3.2,100,50,8.8,71,7.1,1,0,1,Low Risk,1
STU-0733,83,4.0,87,99,8.57,70,9.2,1,1,1,Low Risk,1
STU-0734,40,1.1,41,85,5.2,36,4.4,1,1,1,Medium Risk,0
STU-0735,95,3.1,67,50,5.47,88,5.8,1,0,1,Low Risk,1
STU-0736,84,1.5,49,38,6.08,80,6.2,1,1,0,Medium Risk,0
STU-0737,80,3.7,60,57,2.49,84,6.4,1,0,0,Low Risk,1
STU-0738,94,0.7,59,73,7.67,60,8.1,0,1,0,Low Risk,1
STU-0739,100,6.6,58,69,6.45,24,6.7,1,1,1,Low Risk,1
STU-0740,95,1.0,38,90,8.94,84,7.6,1,1,0,Medium Risk,0
STU-0741,38,1.4,66,80,4.8,53,6.1,1,1,1,Medium Risk,0
STU-0742,49,0.5,55,84,5.76,25,7.3,1,1,1,Medium Risk,0
STU-0743,62,0.5,0,71,3.99,93,8.2,1,0,0,Medium Risk,0
STU-0744,75,2.2,100,37,4.99,100,5.9,1,0,0,Medium Risk,0
STU-0745,85,0.9,97,61,4.64,58,8.2,1,0,1,Low Risk,1
STU-0746,60,5.4,60,86,8.99,100,7.1,1,0,1,Low Risk,1
STU-0747,78,0.5,70,63,5.6,62,8.6,1,1,1,Low Risk,1
STU-0748,59,1.4,40,75,7.25,50,6.7,1,1,0,Medium Risk,0
STU-0749,62,1.2,100,58,6.24,44,7.6,1,0,1,Low Risk,1
STU-0750,46,0.5,100,44,4.46,100,6.9,0,0,0,High Risk,0
STU-0751,56,0.5,73,62,6.66,40,6.9,0,1,1,Medium Risk,0
STU-0752,47,1.6,95,71,8.2,78,7.4,1,1,1,Low Risk,1
STU-0753,55,2.0,74,51,4.58,46,7.8,1,1,1,Medium Risk,0
STU-0754,96,1.6,36,60,8.62,48,5.1,1,1,0,Medium Risk,0
STU-0755,56,2.3,59,46,5.3,85,9.2,1,1,1,Medium Risk,0
STU-0756,100,2.7,73,87,6.03,50,4.2,1,0,0,Low Risk,1
STU-0757,84,0.5,58,59,8.06,49,6.0,1,1,0,Low Risk,1
STU-0758,78,1.9,64,94,5.67,88,6.9,1,0,0,Low Risk,1
STU-0759,57,9.9,67,95,7.08,99,7.6,1,0,1,Low Risk,1
STU-0760,89,2.2,67,63,6.37,76,9.4,1,0,1,Low Risk,1
STU-0761,63,3.4,71,44,7.26,43,4.2,1,1,0,Low Risk,1
STU-0762,77,1.1,43,23,2.24,47,6.2,1,1,1,Medium Risk,0
STU-0763,100,4.5,52,35,3.34,61,3.8,1,0,0,Medium Risk,0
STU-0764,73,4.4,37,37,8.23,68,7.0,1,1,0,Medium Risk,0
STU-0765,97,2.2,94,92,9.07,35,7.4,1,1,0,Low Risk,1
STU-0766,60,11.2,17,67,5.18,78,9.4,1,1,1,Low Risk,1
STU-0767,74,0.5,98,72,6.51,62,7.2,1,0,1,Low Risk,1
STU-0768,100,0.5,100,20,7.59,17,8.6,1,1,1,Medium Risk,0
STU-0769,62,4.4,62,41,8.39,36,7.9,1,1,1,Low Risk,1
STU-0770,100,4.9,4,82,2.94,47,6.3,0,0,0,Medium Risk,0
STU-0771,89,0.5,60,70,5.23,58,4.9,1,0,1,Low Risk,1
STU-0772,63,0.9,68,62,6.33,100,7.4,1,0,0,Low Risk,1
STU-0773,87,0.5,44,76,8.41,65,4.8,1,0,1,Medium Risk,0
STU-0774,94,1.0,57,97,10.0,38,8.9,0,1,1,Low Risk,1
STU-0775,87,4.5,100,60,6.54,65,6.8,1,1,1,Low Risk,1
STU-0776,43,2.2,86,66,4.19,51,8.8,1,1,1,Medium Risk,0
STU-0777,60,1.3,46,68,7.8,68,6.3,1,0,1,Medium Risk,0
STU-0778,70,1.4,30,100,9.64,74,7.4,0,1,0,Medium Risk,0
STU-0779,73,0.5,61,23,7.22,90,7.3,1,1,1,Low Risk,1
STU-0780,87,1.1,64,78,5.19,59,6.9,1,1,0,Low Risk,1
STU-0781,78,3.1,82,62,8.92,100,6.4,1,1,0,Low Risk,1
STU-0782,48,11.0,56,76,8.33,82,7.6,1,0,1,Low Risk,1
STU-0783,82,5.6,82,51,4.95,42,5.6,1,1,1,Low Risk,1
STU-0784,87,0.5,100,64,7.76,100,5.2,0,1,0,Low Risk,1
STU-0785,86,6.9,90,79,8.99,68,8.9,1,1,1,Low Risk,1
STU-0786,96,4.6,68,100,9.36,39,8.1,1,1,1,Low Risk,1
STU-0787,91,4.5,65,81,6.87,100,7.1,1,0,1,Low Risk,1
STU-0788,84,1.8,61,48,6.28,100,9.5,1,0,1,Medium Risk,0
STU-0789,73,1.5,99,56,9.45,59,6.6,1,1,1,Low Risk,1
STU-0790,41,1.1,54,55,4.58,47,9.0,1,1,0,Medium Risk,0
STU-0791,83,0.5,71,29,7.88,55,7.3,1,1,1,Low Risk,1
STU-0792,79,0.8,71,58,4.26,77,5.5,0,0,1,Medium Risk,0
STU-0793,80,0.8,57,79,9.13,91,9.8,1,1,1,Low Risk,1
STU-0794,49,2.0,35,39,6.48,74,8.5,1,1,1,Medium Risk,0
STU-0795,53,4.1,78,85,9.54,62,6.8,1,1,0,Low Risk,1
STU-0796,96,1.9,68,74,7.98,97,8.1,1,0,0,Low Risk,1
STU-0797,74,0.5,82,50,4.55,52,6.4,1,0,0,Medium Risk,0
STU-0798,88,9.5,56,62,9.85,85,8.2,0,1,0,Low Risk,1
STU-0799,75,8.6,100,96,10.0,52,3.4,1,1,0,Low Risk,1
STU-0800,75,4.6,48,79,8.76,70,5.5,1,1,0,Low Risk,1
STU-0801,93,12.0,100,65,5.48,57,8.5,1,1,1,Low Risk,1
STU-0802,64,2.4,26,60,6.39,58,6.6,1,1,1,Low Risk,1
STU-0803,76,9.9,80,66,7.29,50,7.3,1,0,1,Low Risk,1
STU-0804,65,0.5,81,54,5.59,93,5.0,1,0,1,Low Risk,1
STU-0805,66,1.4,50,22,10.0,41,9.8,1,0,0,Medium Risk,0
STU-0806,68,0.8,80,100,7.29,41,8.8,1,1,0,Low Risk,1
STU-0807,79,0.7,100,68,1.59,100,6.7,1,1,1,Low Risk,1
STU-0808,65,0.5,14,72,7.68,84,6.4,1,1,1,Low Risk,1
STU-0809,100,2.9,82,63,6.3,0,8.5,1,0,1,Low Risk,1
STU-0810,57,4.6,7,50,6.85,45,10.0,1,1,0,Medium Risk,0
STU-0811,71,2.6,45,61,6.26,14,8.4,1,1,0,Medium Risk,0
STU-0812,66,0.5,100,33,8.61,36,10.3,1,1,1,Medium Risk,0
STU-0813,100,5.0,55,100,9.24,0,5.6,1,0,1,Low Risk,1
STU-0814,78,3.0,40,40,7.57,56,5.8,1,1,1,Medium Risk,0
STU-0815,95,1.5,65,44,6.32,31,5.2,1,1,1,Medium Risk,0
STU-0816,45,3.4,100,56,6.92,61,7.7,1,1,1,Low Risk,1
STU-0817,80,0.9,24,90,7.04,19,7.3,1,1,1,Medium Risk,0
STU-0818,92,1.3,43,65,5.4,62,6.8,1,0,1,Medium Risk,0
STU-0819,76,7.5,100,40,8.16,49,8.2,1,1,1,Low Risk,1
STU-0820,96,1.0,100,90,7.92,97,8.8,0,1,1,Low Risk,1
STU-0821,64,1.9,67,79,10.0,95,4.7,1,1,1,Low Risk,1
STU-0822,100,6.6,39,75,9.51,79,6.1,1,1,1,Low Risk,1
STU-0823,100,3.7,100,79,5.63,51,8.2,0,0,0,Low Risk,1
STU-0824,67,0.5,100,100,8.64,100,6.3,1,0,1,Low Risk,1
STU-0825,66,0.5,86,100,5.1,21,5.8,1,1,1,Low Risk,1
STU-0826,100,0.5,49,51,8.39,24,8.5,1,0,0,Medium Risk,0
STU-0827,100,3.0,68,97,5.97,57,5.1,1,1,1,Low Risk,1
STU-0828,64,1.8,65,72,4.95,100,6.5,1,0,0,Medium Risk,0
STU-0829,66,0.5,78,74,7.56,54,7.5,0,0,1,Low Risk,1
STU-0830,69,9.5,100,31,1.65,55,6.1,1,1,1,Low Risk,1
STU-0831,48,2.3,91,61,3.5,23,8.2,1,0,0,Medium Risk,0
STU-0832,56,0.8,43,48,6.65,83,6.1,1,1,1,Medium Risk,0
STU-0833,54,2.1,100,81,7.16,83,9.1,1,1,1,Low Risk,1
STU-0834,59,3.4,77,86,6.26,79,6.8,1,1,1,Low Risk,1
STU-0835,74,0.5,87,23,3.84,44,8.0,1,1,0,Medium Risk,0
STU-0836,79,1.0,100,64,5.36,42,8.1,1,0,1,Low Risk,1
STU-0837,100,4.9,42,87,7.78,27,6.1,1,1,1,Low Risk,1
STU-0838,55,1.8,69,61,8.16,62,3.9,1,1,1,Medium Risk,0
STU-0839,94,2.4,56,79,6.97,32,7.5,0,1,0,Medium Risk,0
STU-0840,70,1.7,30,72,9.31,30,7.1,1,1,1,Medium Risk,0
STU-0841,74,0.5,78,71,7.79,49,7.8,0,1,0,Low Risk,1
STU-0842,88,0.5,100,59,5.51,47,6.7,1,1,1,Low Risk,1
STU-0843,52,1.8,23,40,6.44,46,6.4,1,1,1,Medium Risk,0
STU-0844,82,0.7,69,42,4.19,71,10.0,1,0,0,Medium Risk,0
STU-0845,78,0.5,86,79,6.78,61,4.8,0,0,1,Low Risk,1
STU-0846,84,5.6,73,65,9.22,52,8.1,1,1,0,Low Risk,1
STU-0847,80,11.9,67,62,8.37,64,6.1,1,0,1,Low Risk,1
STU-0848,100,4.7,37,56,9.8,35,6.5,1,0,1,Medium Risk,0
STU-0849,62,5.8,75,58,6.39,62,6.5,1,0,1,Low Risk,1
STU-0850,64,0.8,51,85,9.69,63,5.8,1,1,1,Low Risk,1
STU-0851,62,9.7,15,58,6.61,22,7.9,1,1,1,Low Risk,1
STU-0852,63,0.7,99,38,9.94,84,9.1,1,1,1,Low Risk,1
STU-0853,62,9.1,93,79,6.96,37,7.7,1,1,1,Low Risk,1
STU-0854,98,12.0,71,60,8.41,62,7.2,1,1,0,Low Risk,1
STU-0855,100,3.7,75,65,9.95,89,5.5,1,1,1,Low Risk,1
STU-0856,63,11.9,96,97,6.61,83,7.8,1,1,1,Low Risk,1
STU-0857,58,2.5,75,64,7.44,60,10.2,1,1,0,Medium Risk,0
STU-0858,84,0.9,92,70,9.58,50,6.4,1,1,0,Low Risk,1
STU-0859,63,1.7,62,41,6.73,83,6.4,1,1,0,Medium Risk,0
STU-0860,87,2.7,100,60,4.36,76,6.2,0,1,0,Medium Risk,0
STU-0861,79,0.5,78,77,10.0,44,6.3,1,1,0,Low Risk,1
STU-0862,44,2.9,74,33,6.06,40,3.0,1,1,1,Medium Risk,0
STU-0863,100,11.9,38,69,7.32,8,7.6,1,1,1,Low Risk,1
STU-0864,100,0.6,77,67,9.31,63,5.7,1,1,1,Low Risk,1
STU-0865,62,4.7,49,65,5.78,57,4.6,1,1,0,Low Risk,1
STU-0866,67,7.2,54,85,4.98,88,8.1,0,1,1,Low Risk,1
STU-0867,80,8.6,49,71,7.51,68,5.4,1,1,1,Low Risk,1
STU-0868,81,9.7,43,94,3.41,93,6.5,1,1,1,Low Risk,1
STU-0869,88,2.2,100,45,6.42,42,9.2,1,1,1,Low Risk,1
STU-0870,100,11.4,100,67,7.49,88,4.9,1,1,0,Low Risk,1
STU-0871,71,4.2,100,66,6.46,46,4.7,1,1,1,Low Risk,1
STU-0872,59,0.5,39,43,3.91,79,7.4,1,1,1,High Risk,0
STU-0873,47,1.9,71,84,10.0,23,8.7,1,1,0,Medium Risk,0
STU-0874,60,3.8,37,100,7.21,65,4.6,1,1,0,Low Risk,1
STU-0875,74,0.9,52,64,9.86,10,7.6,1,1,0,Low Risk,1
STU-0876,100,3.1,47,75,6.48,53,7.9,1,0,0,Low Risk,1
STU-0877,64,3.3,100,66,5.24,71,3.9,1,1,0,Low Risk,1
STU-0878,79,0.5,60,50,7.54,46,8.2,1,1,1,Low Risk,1
STU-0879,74,2.5,96,28,6.57,33,8.3,1,1,1,Medium Risk,0
STU-0880,98,4.4,85,50,4.64,81,6.5,0,1,1,Low Risk,1
STU-0881,100,2.1,100,37,9.94,57,8.9,1,0,1,Medium Risk,0
STU-0882,64,0.5,33,99,5.76,47,8.7,1,1,1,Low Risk,1
STU-0883,65,0.5,100,62,3.32,61,7.2,1,1,1,Low Risk,1
STU-0884,95,1.3,98,58,9.66,100,6.3,0,0,1,Low Risk,1
STU-0885,88,7.8,45,82,5.99,88,5.5,1,1,0,Low Risk,1
STU-0886,100,0.8,95,42,5.78,89,6.9,1,1,1,Low Risk,1
STU-0887,86,3.0,78,49,3.47,70,7.9,1,1,1,Low Risk,1
STU-0888,67,0.8,64,66,10.0,64,6.5,0,0,0,Low Risk,1
STU-0889,86,1.2,49,85,4.42,0,3.7,1,1,1,Medium Risk,0
STU-0890,97,5.7,52,75,7.12,43,8.9,0,1,1,Low Risk,1
STU-0891,91,3.9,100,69,8.83,47,7.3,1,0,1,Low Risk,1
STU-0892,85,0.5,70,66,7.84,13,6.4,1,0,0,Medium Risk,0
STU-0893,96,1.7,89,73,6.88,31,8.3,1,0,1,Low Risk,1
STU-0894,98,0.5,50,69,3.6,10,9.3,1,1,0,Medium Risk,0
STU-0895,100,2.0,50,44,5.38,59,3.0,1,0,0,Medium Risk,0
STU-0896,87,3.3,97,65,7.38,80,7.7,1,0,0,Low Risk,1
STU-0897,71,0.5,36,43,5.43,87,4.9,1,1,1,Medium Risk,0
STU-0898,77,1.0,59,66,7.41,70,7.7,0,1,1,Low Risk,1
STU-0899,99,1.5,70,55,8.36,35,7.2,1,1,0,Low Risk,1
STU-0900,58,7.6,72,100,8.93,11,8.0,1,1,1,Low Risk,1
STU-0901,82,12.0,65,64,4.55,16,6.3,1,0,0,Medium Risk,0
STU-0902,67,0.5,79,36,10.0,28,4.2,1,1,0,Medium Risk,0
STU-0903,75,4.3,87,62,8.53,37,6.3,1,0,1,Low Risk,1
STU-0904,100,1.4,88,75,7.0,56,7.6,1,1,0,Low Risk,1
STU-0905,78,1.5,45,98,9.18,34,8.5,1,1,1,Medium Risk,0
STU-0906,75,4.2,62,53,10.0,68,5.2,0,0,0,Low Risk,1
STU-0907,47,7.5,99,33,4.12,54,8.5,0,1,0,Medium Risk,0
STU-0908,89,9.0,92,81,6.55,60,6.0,1,1,1,Low Risk,1
STU-0909,87,2.6,35,37,2.24,88,7.5,1,0,1,Medium Risk,0
STU-0910,100,1.3,78,56,7.39,30,6.2,0,1,0,Medium Risk,0
STU-0911,68,4.6,20,59,7.73,70,7.3,1,1,1,Low Risk,1
STU-0912,79,0.9,71,63,6.92,59,8.3,1,1,1,Low Risk,1
STU-0913,79,2.5,100,78,5.69,51,5.2,1,1,1,Low Risk,1
STU-0914,100,1.3,46,51,2.9,82,6.0,1,1,0,Medium Risk,0
STU-0915,73,3.2,49,59,7.75,81,7.3,1,0,1,Low Risk,1
STU-0916,80,0.8,89,64,9.91,36,10.6,1,0,1,Low Risk,1
STU-0917,87,0.6,31,67,5.82,55,5.7,1,1,0,Medium Risk,0
STU-0918,78,7.5,54,66,7.88,67,10.1,1,0,1,Low Risk,1
STU-0919,66,0.5,84,73,3.86,53,10.0,0,1,1,Low Risk,1
STU-0920,78,2.1,54,81,7.91,74,6.9,1,1,1,Low Risk,1
STU-0921,96,0.7,64,72,6.21,67,6.6,1,0,1,Low Risk,1
STU-0922,54,0.5,88,74,5.48,100,6.0,1,0,1,Medium Risk,0
STU-0923,77,0.5,80,33,5.48,21,6.9,1,1,1,Medium Risk,0
STU-0924,60,0.6,76,66,6.21,56,4.9,0,1,1,Low Risk,1
STU-0925,98,6.0,61,74,7.76,37,6.9,1,1,1,Low Risk,1
STU-0926,44,1.0,79,79,4.38,75,9.2,1,1,1,Medium Risk,0
STU-0927,63,9.0,66,51,6.21,19,6.1,1,0,0,Low Risk,1
STU-0928,82,2.6,81,51,6.92,68,6.6,0,1,0,Low Risk,1
STU-0929,100,1.7,57,53,4.8,44,4.4,0,0,1,Medium Risk,0
STU-0930,73,2.6,65,75,10.0,41,7.6,1,1,0,Low Risk,1
STU-0931,63,2.2,45,85,5.29,23,7.4,1,1,1,Medium Risk,0
STU-0932,100,4.3,69,56,5.66,48,7.1,0,1,1,Low Risk,1
STU-0933,46,1.0,49,83,5.04,87,6.7,1,1,1,Medium Risk,0
STU-0934,31,1.3,42,67,10.0,59,6.6,1,1,1,Medium Risk,0
STU-0935,83,6.7,76,62,8.11,75,7.8,0,1,1,Low Risk,1
STU-0936,64,8.8,75,60,5.13,100,7.0,1,1,0,Low Risk,1
STU-0937,54,6.7,89,79,9.21,66,7.5,1,1,1,Low Risk,1
STU-0938,89,1.6,59,71,7.4,46,7.3,1,1,0,Low Risk,1
STU-0939,79,4.5,80,100,7.51,71,8.7,1,1,0,Low Risk,1
STU-0940,63,1.9,83,47,6.31,46,8.0,1,0,0,Medium Risk,0
STU-0941,49,2.1,81,75,5.5,47,7.3,1,0,0,Medium Risk,0
STU-0942,92,0.7,49,54,7.68,22,9.3,1,0,0,Medium Risk,0
STU-0943,88,2.7,73,47,5.91,83,7.6,1,1,0,Medium Risk,0
STU-0944,73,0.6,79,64,10.0,50,9.0,1,0,1,Low Risk,1
STU-0945,100,1.2,70,67,4.46,64,7.9,1,1,1,Low Risk,1
STU-0946,53,5.8,17,100,10.0,34,4.2,1,1,0,Medium Risk,0
STU-0947,44,0.7,74,61,6.78,70,9.0,1,0,0,Medium Risk,0
STU-0948,61,0.5,100,42,7.6,40,7.2,1,1,1,Low Risk,1
STU-0949,74,0.5,60,70,8.67,56,6.9,1,0,1,Low Risk,1
STU-0950,79,8.5,51,23,5.74,81,7.4,1,1,1,Low Risk,1
STU-0951,70,2.1,79,63,8.73,79,6.5,1,1,0,Low Risk,1
STU-0952,82,1.6,77,65,1.58,59,7.3,1,1,1,Low Risk,1
STU-0953,49,5.0,99,80,5.56,15,6.1,1,0,1,Medium Risk,0
STU-0954,100,5.4,38,84,5.15,100,8.9,0,1,1,Low Risk,1
STU-0955,73,1.2,88,54,4.49,100,6.8,1,1,0,Low Risk,1
STU-0956,97,3.5,84,61,6.57,78,6.4,1,1,0,Low Risk,1
STU-0957,81,4.4,66,49,7.77,41,5.6,1,1,0,Low Risk,1
STU-0958,84,3.2,78,42,8.41,57,7.4,1,0,0,Low Risk,1
STU-0959,86,0.5,95,71,7.48,46,7.3,1,1,1,Low Risk,1
STU-0960,83,6.3,91,39,5.67,91,7.6,1,1,1,Low Risk,1
STU-0961,87,2.3,41,56,7.74,66,5.5,1,0,1,Medium Risk,0
STU-0962,100,1.0,90,45,7.25,40,4.6,0,1,1,Medium Risk,0
STU-0963,78,1.7,68,75,8.87,48,7.9,1,1,1,Low Risk,1
STU-0964,89,0.5,71,100,8.55,88,9.2,1,1,0,Low Risk,1
STU-0965,73,0.5,71,38,7.06,100,5.5,1,0,1,Medium Risk,0
STU-0966,100,4.4,66,27,5.21,98,9.4,0,0,1,Low Risk,1
STU-0967,61,0.5,99,62,5.69,78,7.4,1,1,0,Low Risk,1
STU-0968,100,1.6,67,65,5.9,53,7.0,1,1,0,Low Risk,1
STU-0969,74,2.2,42,69,6.37,0,6.4,1,0,1,Medium Risk,0
STU-0970,46,0.5,60,56,7.54,67,4.9,1,1,1,Medium Risk,0
STU-0971,77,10.8,74,60,8.43,59,8.5,1,0,0,Low Risk,1
STU-0972,61,0.8,100,72,6.9,63,5.8,1,1,1,Low Risk,1
STU-0973,91,1.1,85,85,7.03,61,5.8,1,1,1,Low Risk,1
STU-0974,61,1.1,48,25,7.29,26,8.5,1,1,1,Medium Risk,0
STU-0975,66,0.8,100,57,5.97,73,4.2,1,1,0,Low Risk,1
STU-0976,37,0.5,76,69,5.15,75,4.7,0,1,0,Medium Risk,0
STU-0977,65,3.9,100,46,3.49,77,7.0,1,1,1,Low Risk,1
STU-0978,26,10.2,66,99,5.61,83,7.4,0,1,1,Low Risk,1
STU-0979,43,0.8,83,52,7.95,75,7.7,1,1,0,Medium Risk,0
STU-0980,90,3.3,90,64,5.59,49,6.5,1,0,0,Low Risk,1
STU-0981,90,4.1,100,76,6.52,58,10.8,1,1,0,Low Risk,1
STU-0982,83,5.7,96,53,7.93,62,6.7,1,0,0,Low Risk,1
STU-0983,55,1.6,91,28,8.04,62,6.7,1,1,1,Medium Risk,0
STU-0984,74,1.1,62,56,4.84,84,5.8,1,0,1,Low Risk,1
STU-0985,74,1.2,55,85,8.99,76,7.2,1,1,0,Low Risk,1
STU-0986,51,3.7,78,58,9.25,100,7.9,0,0,0,Medium Risk,0
STU-0987,100,5.1,93,48,4.74,100,8.8,1,1,1,Low Risk,1
STU-0988,92,0.6,64,83,5.35,61,4.8,1,1,0,Low Risk,1
STU-0989,70,1.4,96,58,9.38,0,6.6,1,1,1,Low Risk,1
STU-0990,75,7.0,100,54,6.71,90,7.7,0,1,1,Low Risk,1
STU-0991,79,4.9,47,67,2.56,46,7.9,1,1,1,Low Risk,1
STU-0992,34,12.0,49,80,4.2,39,7.0,1,1,0,Medium Risk,0
STU-0993,70,4.2,66,100,6.5,50,7.8,1,1,0,Low Risk,1
STU-0994,61,1.5,77,81,4.67,48,5.8,1,1,1,Low Risk,1
STU-0995,54,2.7,56,88,6.17,75,9.3,1,0,1,Medium Risk,0
STU-0996,69,3.2,100,54,7.06,21,8.5,1,1,0,Low Risk,1
STU-0997,100,0.5,80,44,9.92,33,5.0,1,1,1,Medium Risk,0
STU-0998,87,2.4,70,66,6.42,68,5.4,1,1,1,Low Risk,1
STU-0999,63,3.7,34,67,9.15,75,5.4,1,1,1,Low Risk,1
STU-1000,86,0.5,37,43,9.86,76,8.0,0,1,0,Medium Risk,0
STU-1001,100,4.6,77,61,9.87,40,5.1,1,0,1,Low Risk,1
STU-1002,93,2.6,16,72,7.57,35,6.5,0,1,1,Medium Risk,0
STU-1003,76,9.1,95,72,3.07,47,7.7,1,1,0,Low Risk,1
STU-1004,62,0.5,66,75,7.92,65,6.9,1,1,1,Low Risk,1
STU-1005,88,0.9,100,70,9.1,97,7.4,0,1,0,Low Risk,1
STU-1006,82,2.8,100,54,6.84,8,5.4,0,0,0,Medium Risk,0
STU-1007,92,1.1,65,54,10.0,54,7.9,1,1,0,Low Risk,1
STU-1008,87,3.8,67,41,8.72,26,6.1,1,0,1,Medium Risk,0
STU-1009,95,4.3,94,100,8.14,18,6.5,1,1,1,Low Risk,1
STU-1010,64,0.5,100,65,9.17,84,7.4,1,1,0,Low Risk,1
STU-1011,100,2.2,29,60,7.67,73,7.2,0,1,0,Medium Risk,0
STU-1012,78,2.1,25,46,2.01,71,7.0,1,1,0,Medium Risk,0
STU-1013,100,1.4,54,100,6.0,83,5.9,1,1,0,Low Risk,1
STU-1014,61,8.1,84,43,9.39,48,6.6,1,0,1,Low Risk,1
STU-1015,100,5.3,82,56,5.38,49,7.0,1,1,0,Low Risk,1
STU-1016,78,3.6,96,73,6.55,100,4.9,1,0,0,Low Risk,1
STU-1017,61,3.8,40,77,4.91,53,6.3,1,1,1,Low Risk,1
STU-1018,65,1.9,12,84,10.0,78,7.6,1,0,1,Medium Risk,0
STU-1019,68,7.6,91,100,10.0,60,5.1,1,1,1,Low Risk,1
STU-1020,83,3.6,49,75,5.23,13,8.7,1,0,0,Medium Risk,0
STU-1021,85,3.9,19,43,7.29,8,8.9,0,1,0,Medium Risk,0
STU-1022,63,5.9,73,59,5.64,45,5.1,1,1,1,Low Risk,1
STU-1023,74,1.0,89,71,8.23,86,9.0,1,1,0,Low Risk,1
STU-1024,100,4.9,66,100,8.02,79,6.8,1,1,0,Low Risk,1
STU-1025,100,0.7,58,37,8.62,82,7.6,0,1,1,Medium Risk,0
STU-1026,83,1.3,66,89,7.66,35,6.3,1,1,1,Low Risk,1
STU-1027,75,1.2,60,68,10.0,100,8.4,1,1,0,Low Risk,1
STU-1028,77,11.5,36,81,4.94,35,7.6,1,1,0,Medium Risk,0
STU-1029,87,5.8,52,62,3.58,65,5.8,1,1,1,Low Risk,1
STU-1030,54,3.6,83,48,6.21,59,5.3,1,0,0,Medium Risk,0
STU-1031,69,3.9,78,80,3.86,55,4.8,1,1,1,Low Risk,1
STU-1032,41,2.5,74,78,4.02,93,7.3,1,1,1,Medium Risk,0
STU-1033,82,8.8,45,84,5.0,42,7.9,1,0,1,Low Risk,1
STU-1034,87,2.1,65,64,5.16,26,8.0,1,1,1,Low Risk,1
STU-1035,65,1.4,15,53,5.09,60,6.8,0,1,0,Medium Risk,0
STU-1036,100,0.5,74,33,8.04,50,5.3,1,0,0,Medium Risk,0
STU-1037,50,4.6,100,81,5.99,100,6.0,1,1,1,Low Risk,1
STU-1038,45,4.0,33,73,6.64,76,8.7,1,1,1,Medium Risk,0
STU-1039,79,1.5,55,45,8.79,49,6.3,1,0,1,Medium Risk,0
STU-1040,95,0.5,78,54,5.47,33,7.2,1,1,1,Low Risk,1
STU-1041,100,5.5,100,55,6.47,12,5.4,1,1,1,Low Risk,1
STU-1042,65,0.5,58,35,7.73,34,7.5,0,0,1,Medium Risk,0
STU-1043,96,3.6,52,48,3.12,62,6.3,1,1,1,Low Risk,1
STU-1044,74,10.5,20,42,2.23,95,8.6,1,1,1,Medium Risk,0
STU-1045,71,1.7,72,56,7.69,88,8.2,1,1,1,Low Risk,1
STU-1046,92,0.8,100,50,7.98,65,6.3,1,1,0,Low Risk,1
STU-1047,88,3.7,76,32,10.0,51,6.8,1,1,1,Low Risk,1
STU-1048,43,5.1,69,100,7.32,66,6.2,1,1,1,Low Risk,1
STU-1049,100,2.4,78,90,8.64,47,4.9,1,0,0,Low Risk,1
STU-1050,100,10.2,69,49,6.61,100,5.7,1,1,1,Low Risk,1
STU-1051,62,0.5,49,70,7.59,55,7.3,1,1,1,Low Risk,1
STU-1052,82,2.1,90,73,10.0,57,7.5,1,0,1,Low Risk,1
STU-1053,84,3.8,75,88,2.75,4,7.2,1,1,0,Low Risk,1
STU-1054,80,6.0,70,48,7.83,55,6.5,1,0,1,Low Risk,1
STU-1055,63,0.6,45,86,10.0,80,8.4,1,1,0,Medium Risk,0
STU-1056,61,4.8,100,54,7.56,33,7.1,1,1,1,Low Risk,1
STU-1057,74,2.4,86,38,10.0,41,8.1,0,1,0,Medium Risk,0
STU-1058,98,1.5,56,79,5.74,79,4.3,1,0,1,Low Risk,1
STU-1059,85,0.5,95,90,6.94,23,3.0,0,1,1,Medium Risk,0
STU-1060,67,6.0,57,100,7.07,86,7.4,1,0,0,Low Risk,1
STU-1061,90,0.5,50,41,2.56,46,4.9,1,1,1,Medium Risk,0
STU-1062,18,1.1,51,78,4.66,50,6.7,1,1,1,Medium Risk,0
STU-1063,97,1.0,25,56,4.81,31,6.5,1,1,0,Medium Risk,0
STU-1064,40,6.2,81,80,8.64,69,9.4,1,1,0,Low Risk,1
STU-1065,67,3.4,24,35,8.74,100,7.6,0,1,0,Medium Risk,0
STU-1066,52,4.8,39,39,7.65,79,7.2,1,0,0,Medium Risk,0
STU-1067,49,0.9,18,49,8.65,38,8.3,0,1,1,High Risk,0
STU-1068,98,2.9,67,66,6.67,88,7.6,0,1,1,Low Risk,1
STU-1069,65,2.5,66,52,9.4,52,6.3,0,1,0,Low Risk,1
STU-1070,81,5.4,61,78,7.02,94,8.6,1,0,1,Low Risk,1
STU-1071,74,7.1,43,85,7.12,80,5.3,1,1,1,Low Risk,1
STU-1072,84,0.5,40,76,6.47,0,7.5,1,1,0,Medium Risk,0
STU-1073,76,3.4,81,97,8.37,34,4.7,1,1,0,Low Risk,1
STU-1074,49,0.5,56,73,6.16,83,7.3,1,1,0,Medium Risk,0
STU-1075,94,2.4,77,40,8.95,63,7.3,1,1,1,Low Risk,1
STU-1076,65,1.0,47,92,4.74,34,9.5,1,0,1,Medium Risk,0
STU-1077,43,1.1,74,52,4.8,44,4.7,1,0,1,Medium Risk,0
STU-1078,66,1.3,100,83,8.37,12,6.1,1,1,0,Low Risk,1
STU-1079,100,2.9,84,96,6.82,57,8.2,0,1,1,Low Risk,1
STU-1080,92,1.2,59,74,6.09,100,7.5,0,1,1,Low Risk,1
STU-1081,68,4.0,76,35,8.78,80,7.3,1,1,1,Low Risk,1
STU-1082,68,1.6,63,46,5.79,100,5.6,1,1,0,Medium Risk,0
STU-1083,68,0.5,70,91,6.6,82,6.1,1,1,1,Low Risk,1
STU-1084,100,4.6,61,61,9.8,85,8.9,1,1,1,Low Risk,1
STU-1085,82,1.0,65,66,10.0,100,6.9,1,1,0,Low Risk,1
STU-1086,83,1.7,75,80,10.0,69,7.6,1,1,0,Low Risk,1
STU-1087,95,3.5,45,78,6.44,55,6.8,1,1,1,Low Risk,1
STU-1088,79,1.2,44,70,9.46,85,5.2,1,0,1,Medium Risk,0
STU-1089,69,0.5,35,60,5.1,96,8.4,1,0,1,Medium Risk,0
STU-1090,71,1.4,29,58,5.19,48,7.8,1,1,1,Low Risk,1
STU-1091,73,8.7,39,82,2.3,41,10.5,1,1,1,Low Risk,1
STU-1092,74,3.1,73,76,10.0,63,5.5,1,1,0,Low Risk,1
STU-1093,89,3.3,47,59,5.27,80,8.2,1,1,0,Low Risk,1
STU-1094,76,3.0,82,86,6.75,79,5.0,1,0,1,Low Risk,1
STU-1095,89,0.7,70,62,5.18,24,7.2,1,0,0,Medium Risk,0
STU-1096,73,1.6,20,47,8.39,100,8.5,0,1,0,Medium Risk,0
STU-1097,76,4.2,86,49,6.25,43,3.9,1,1,1,Low Risk,1
STU-1098,35,0.5,90,45,4.39,53,6.7,0,1,1,Medium Risk,0
STU-1099,93,1.0,45,59,7.88,37,6.2,1,0,0,Medium Risk,0
STU-1100,81,1.0,80,89,4.13,100,5.9,1,1,0,Low Risk,1
STU-1101,94,1.7,48,48,5.33,66,7.6,1,1,1,Medium Risk,0
STU-1102,17,11.8,72,68,2.79,38,8.7,1,1,0,Medium Risk,0
STU-1103,100,0.5,38,51,4.15,81,6.8,1,1,1,Medium Risk,0
STU-1104,72,2.2,25,59,7.36,79,7.3,1,0,0,Medium Risk,0
STU-1105,97,0.6,60,34,3.07,55,7.2,1,1,1,Medium Risk,0
STU-1106,54,10.6,66,60,4.04,81,7.0,0,1,1,Medium Risk,0
STU-1107,87,0.5,60,61,7.0,39,5.4,0,1,1,Low Risk,1
STU-1108,53,1.6,40,75,5.91,47,8.7,0,1,0,Medium Risk,0
STU-1109,62,4.0,60,69,10.0,9,7.4,1,0,1,Low Risk,1
STU-1110,100,3.7,76,41,10.0,26,7.6,1,1,0,Medium Risk,0
STU-1111,71,1.6,68,86,5.26,100,5.8,1,1,0,Low Risk,1
STU-1112,79,1.3,74,69,8.11,100,6.3,1,0,1,Low Risk,1
STU-1113,92,1.5,53,68,8.5,61,6.7,1,0,1,Low Risk,1
STU-1114,84,0.9,99,64,5.81,100,4.7,1,1,1,Low Risk,1
STU-1115,78,0.7,40,54,4.01,55,4.5,1,0,0,Medium Risk,0
STU-1116,82,2.0,82,69,6.98,53,6.1,1,1,0,Low Risk,1
STU-1117,100,0.9,99,74,6.65,61,7.8,1,1,1,Low Risk,1
STU-1118,73,1.0,82,30,6.13,56,6.0,0,1,1,Medium Risk,0
STU-1119,79,3.2,64,54,7.88,54,5.5,0,1,1,Low Risk,1
STU-1120,96,10.4,56,59,5.5,88,5.8,1,0,1,Low Risk,1
STU-1121,97,2.8,95,70,4.7,63,6.3,1,0,0,Medium Risk,0
STU-1122,98,0.5,34,88,7.22,77,6.5,0,1,1,Medium Risk,0
STU-1123,87,0.5,45,49,7.77,85,10.2,1,1,0,Medium Risk,0
STU-1124,52,9.1,60,55,4.65,69,8.6,1,1,1,Low Risk,1
STU-1125,100,1.1,100,54,8.86,35,8.5,0,1,1,Low Risk,1
STU-1126,52,0.5,79,48,3.46,26,8.8,1,0,1,High Risk,0
STU-1127,81,2.7,45,58,5.84,63,5.5,1,0,1,Medium Risk,0
STU-1128,59,2.9,62,80,6.48,55,5.2,0,1,0,Medium Risk,0
STU-1129,73,3.1,54,43,5.73,62,5.3,1,1,1,Low Risk,1
STU-1130,81,0.9,52,73,5.87,59,9.0,1,1,0,Low Risk,1
STU-1131,81,0.5,94,30,10.0,100,6.2,1,0,0,Medium Risk,0
STU-1132,83,10.1,35,53,5.3,26,5.1,1,0,0,Medium Risk,0
STU-1133,100,0.9,100,58,10.0,10,6.4,1,1,1,Low Risk,1
STU-1134,84,3.4,90,98,7.87,68,6.6,1,1,0,Low Risk,1
STU-1135,70,3.7,97,59,7.18,50,7.4,1,1,1,Low Risk,1
STU-1136,94,2.8,58,20,7.95,67,7.4,1,1,1,Low Risk,1
STU-1137,98,1.1,66,25,10.0,74,5.8,1,1,1,Low Risk,1
STU-1138,50,0.9,34,65,5.01,92,8.0,1,1,0,Medium Risk,0
STU-1139,86,2.7,56,77,4.76,22,6.0,1,1,0,Medium Risk,0
STU-1140,89,6.0,82,72,5.49,46,6.8,1,0,1,Low Risk,1
STU-1141,69,8.8,100,68,7.06,70,8.0,1,1,1,Low Risk,1
STU-1142,100,0.5,42,88,3.55,79,6.0,1,0,0,Medium Risk,0
STU-1143,71,0.5,60,54,7.04,100,6.1,1,0,1,Low Risk,1
STU-1144,77,8.7,66,82,10.0,83,7.9,1,0,1,Low Risk,1
STU-1145,71,4.0,35,32,7.3,58,5.7,1,1,1,Medium Risk,0
STU-1146,75,6.4,84,46,6.41,37,6.4,1,1,1,Low Risk,1
STU-1147,53,0.7,51,28,5.76,45,7.8,1,0,1,Medium Risk,0
STU-1148,46,2.7,65,59,8.8,45,10.1,1,1,1,Low Risk,1
STU-1149,100,3.6,58,64,5.35,76,7.9,1,1,0,Low Risk,1
STU-1150,58,3.4,50,67,10.0,66,7.7,1,1,1,Low Risk,1
STU-1151,55,1.6,69,66,10.0,26,7.8,1,1,1,Medium Risk,0
STU-1152,31,0.5,64,46,7.51,49,5.4,1,0,0,Medium Risk,0
STU-1153,62,2.6,60,61,6.98,81,7.2,0,0,1,Low Risk,1
STU-1154,48,0.9,51,35,9.06,68,7.0,1,1,0,Medium Risk,0
STU-1155,100,1.8,77,92,9.19,74,7.5,1,1,0,Low Risk,1
STU-1156,95,9.5,100,58,5.39,69,7.2,0,1,0,Low Risk,1
STU-1157,61,1.5,73,55,5.95,100,7.6,1,1,1,Low Risk,1
STU-1158,100,5.5,94,96,4.36,65,6.5,1,1,1,Low Risk,1
STU-1159,94,0.6,35,40,7.82,50,7.1,1,1,1,Medium Risk,0
STU-1160,68,3.3,73,42,8.33,37,5.2,1,1,1,Low Risk,1
STU-1161,25,11.3,42,43,4.3,66,6.5,1,0,0,High Risk,0
STU-1162,100,0.5,33,63,6.09,0,9.1,1,1,1,Medium Risk,0
STU-1163,47,0.5,51,73,4.31,55,7.5,1,0,1,Medium Risk,0
STU-1164,42,1.7,99,79,5.2,54,7.0,1,0,1,Medium Risk,0
STU-1165,95,0.5,93,100,8.1,25,9.8,1,0,1,Low Risk,1
STU-1166,100,4.1,76,20,5.53,36,5.0,1,1,0,Medium Risk,0
STU-1167,100,7.4,31,77,6.4,80,5.3,0,0,1,Low Risk,1
STU-1168,86,1.7,65,53,3.75,65,9.6,1,0,1,Low Risk,1
STU-1169,86,0.9,77,53,7.37,62,7.1,1,1,0,Low Risk,1
STU-1170,92,1.7,74,52,6.91,67,6.6,1,1,1,Low Risk,1
STU-1171,90,3.9,23,46,5.54,62,5.2,1,1,1,Medium Risk,0
STU-1172,80,0.5,47,98,6.62,91,7.7,1,1,0,Medium Risk,0
STU-1173,77,2.7,68,81,7.36,63,7.8,1,0,1,Low Risk,1
STU-1174,73,2.9,83,65,5.37,23,5.4,1,0,1,Low Risk,1
STU-1175,59,3.0,15,92,4.05,100,6.8,1,0,1,Medium Risk,0
STU-1176,69,0.8,65,34,10.0,69,6.5,1,1,0,Medium Risk,0
STU-1177,41,3.8,73,38,5.73,45,7.4,1,1,0,Medium Risk,0
STU-1178,73,0.5,91,21,6.81,28,5.3,1,0,0,Medium Risk,0
STU-1179,55,0.7,87,51,9.02,69,8.9,1,1,1,Low Risk,1
STU-1180,52,6.3,84,68,10.0,57,8.4,1,1,1,Low Risk,1
STU-1181,78,4.0,50,67,4.51,99,6.5,1,1,1,Low Risk,1
STU-1182,100,0.5,22,67,7.9,51,6.7,1,1,0,Medium Risk,0
STU-1183,93,0.9,60,36,5.58,39,6.8,1,0,0,Medium Risk,0
STU-1184,43,0.7,95,81,5.92,82,5.8,1,0,1,Medium Risk,0
STU-1185,55,0.9,100,69,5.56,83,6.3,1,1,1,Low Risk,1
STU-1186,93,0.9,87,79,4.75,64,6.6,1,1,1,Low Risk,1
STU-1187,55,0.5,80,27,6.92,76,9.4,1,1,1,Medium Risk,0
STU-1188,70,1.8,79,71,4.05,59,8.4,0,1,1,Low Risk,1
STU-1189,86,4.0,56,41,8.89,65,8.4,1,1,1,Low Risk,1
STU-1190,55,2.8,66,57,7.11,89,7.6,1,1,1,Low Risk,1
STU-1191,77,3.4,100,75,7.84,75,5.3,1,0,0,Low Risk,1
STU-1192,48,0.5,46,66,6.07,55,6.9,1,1,1,Medium Risk,0
STU-1193,62,9.1,100,47,6.27,93,8.5,1,1,1,Low Risk,1
STU-1194,81,5.5,61,65,7.58,0,5.1,1,1,0,Low Risk,1
STU-1195,43,4.9,100,34,4.67,100,8.0,1,1,0,Medium Risk,0
STU-1196,83,5.2,34,88,6.28,17,10.5,0,1,0,Medium Risk,0
STU-1197,74,8.1,84,60,5.28,44,8.6,1,1,1,Low Risk,1
STU-1198,86,2.4,51,87,5.22,58,9.1,0,1,0,Low Risk,1
STU-1199,79,0.7,34,54,2.78,56,7.3,1,1,0,Medium Risk,0
STU-1200,100,2.9,75,54,9.68,85,8.5,1,1,1,Low Risk,1
STU-1201,77,4.1,95,49,5.63,33,5.9,1,1,0,Medium Risk,0
STU-1202,66,4.0,48,82,9.33,66,8.2,1,1,1,Low Risk,1
STU-1203,77,2.2,32,50,9.14,45,8.0,1,1,1,Low Risk,1
STU-1204,85,0.5,67,77,4.43,67,7.4,1,1,1,Low Risk,1
STU-1205,75,1.4,67,57,4.82,58,9.0,1,1,0,Low Risk,1
STU-1206,75,7.6,83,25,10.0,62,6.2,0,1,0,Low Risk,1
STU-1207,60,2.6,93,53,10.0,46,6.7,1,1,0,Low Risk,1
STU-1208,61,2.3,68,41,6.94,47,7.1,1,0,1,Medium Risk,0
STU-1209,46,0.9,100,65,7.51,67,5.5,0,1,1,Medium Risk,0
STU-1210,100,1.4,75,41,5.74,83,7.3,1,1,0,Medium Risk,0
STU-1211,50,6.8,61,83,7.86,45,4.4,1,1,1,Low Risk,1
STU-1212,61,3.3,29,63,5.57,38,8.6,1,1,0,Medium Risk,0
STU-1213,60,4.6,63,61,2.94,75,7.1,1,1,1,Low Risk,1
STU-1214,92,1.8,61,78,4.36,59,6.2,1,0,1,Low Risk,1
STU-1215,69,3.0,94,84,7.04,80,5.7,1,1,1,Low Risk,1
STU-1216,99,0.9,81,64,4.74,37,6.6,0,0,1,Medium Risk,0
STU-1217,61,3.7,40,49,6.87,15,8.0,1,1,1,Medium Risk,0
STU-1218,80,1.7,74,29,4.85,46,7.8,1,1,1,Medium Risk,0
STU-1219,58,1.8,86,51,5.44,40,5.9,1,1,1,Low Risk,1
STU-1220,100,3.1,100,52,8.71,58,5.7,1,1,1,Low Risk,1
STU-1221,51,8.3,92,67,7.49,44,8.0,1,1,1,Low Risk,1
STU-1222,81,0.5,89,58,6.98,78,5.9,1,0,1,Low Risk,1
STU-1223,87,5.2,71,78,8.76,52,7.1,1,0,1,Low Risk,1
STU-1224,83,1.0,79,52,7.96,63,7.2,1,1,1,Low Risk,1
STU-1225,71,1.8,100,63,9.89,63,7.5,1,1,1,Low Risk,1
STU-1226,72,0.5,36,88,6.08,64,8.3,1,1,0,Medium Risk,0
STU-1227,75,1.1,61,71,6.14,59,5.1,0,0,0,Low Risk,1
STU-1228,72,2.1,50,63,4.4,72,4.1,1,0,0,Medium Risk,0
STU-1229,94,0.5,79,52,6.14,40,6.1,1,0,1,Low Risk,1
STU-1230,100,2.0,100,52,8.93,94,9.7,1,0,1,Low Risk,1
STU-1231,63,7.9,55,47,9.6,54,10.0,1,1,1,Low Risk,1
STU-1232,47,0.5,10,54,8.92,27,9.7,1,0,1,Medium Risk,0
STU-1233,73,4.3,59,80,3.41,64,6.7,1,1,1,Low Risk,1
STU-1234,100,1.6,92,60,9.17,38,4.3,1,0,0,Medium Risk,0
STU-1235,58,3.2,83,38,3.32,76,3.5,1,1,1,Medium Risk,0
STU-1236,100,0.9,80,100,8.8,100,6.1,1,1,1,Low Risk,1
STU-1237,100,0.5,63,71,6.26,40,6.7,1,0,1,Low Risk,1
STU-1238,63,0.5,38,36,8.41,68,9.0,0,1,0,Medium Risk,0
STU-1239,86,0.5,82,56,4.34,16,8.3,0,1,1,Medium Risk,0
STU-1240,100,0.6,49,67,9.34,71,7.3,0,0,1,Medium Risk,0
STU-1241,67,3.3,100,99,4.07,37,5.7,1,1,1,Low Risk,1
STU-1242,70,6.4,84,42,5.66,44,5.6,0,1,1,Low Risk,1
STU-1243,63,5.0,55,84,5.0,32,7.4,1,1,1,Low Risk,1
STU-1244,54,3.5,54,92,3.49,78,8.0,1,1,1,Low Risk,1
STU-1245,62,0.5,67,52,7.19,85,7.6,1,1,1,Low Risk,1
STU-1246,50,1.0,64,59,10.0,60,5.4,1,0,1,Medium Risk,0
STU-1247,75,1.1,97,44,10.0,38,8.0,1,1,1,Medium Risk,0
STU-1248,59,0.9,74,60,7.19,99,7.6,1,0,0,Medium Risk,0
STU-1249,79,2.2,51,64,9.23,41,5.4,1,1,0,Low Risk,1
STU-1250,43,2.3,100,78,7.46,5,5.8,0,1,0,Medium Risk,0
STU-1251,81,1.3,71,86,8.0,71,8.0,1,0,0,Low Risk,1
STU-1252,91,1.3,89,50,6.32,32,6.6,1,1,0,Low Risk,1
STU-1253,35,5.3,54,25,7.39,84,9.4,1,1,0,Medium Risk,0
STU-1254,82,4.7,79,64,8.07,50,7.8,1,1,1,Low Risk,1
STU-1255,99,1.1,77,70,5.84,75,6.3,1,1,0,Low Risk,1
STU-1256,50,7.4,22,69,6.85,95,7.0,1,1,0,Medium Risk,0
STU-1257,100,9.2,100,58,6.88,29,7.1,0,1,1,Low Risk,1
STU-1258,83,1.2,100,67,8.65,45,5.9,1,1,1,Low Risk,1
STU-1259,60,1.3,60,95,4.87,58,5.6,0,1,1,Low Risk,1
STU-1260,73,2.1,42,72,6.9,98,8.1,1,0,1,Medium Risk,0
STU-1261,86,8.5,78,57,10.0,43,8.3,1,0,1,Low Risk,1
STU-1262,76,6.3,72,54,9.33,45,7.9,1,1,0,Low Risk,1
STU-1263,85,0.5,78,61,9.7,71,9.3,1,1,0,Low Risk,1
STU-1264,56,1.5,74,97,7.05,45,6.2,1,1,0,Medium Risk,0
STU-1265,78,2.4,82,61,7.64,63,9.5,1,1,0,Low Risk,1
STU-1266,46,2.1,100,64,9.0,21,5.6,1,0,1,Medium Risk,0
STU-1267,72,0.6,84,55,10.0,100,5.5,1,0,0,Low Risk,1
STU-1268,56,5.9,43,86,3.1,26,4.4,1,1,0,High Risk,0
STU-1269,60,3.4,100,100,4.37,51,6.3,1,0,0,Low Risk,1
STU-1270,99,5.5,100,74,9.62,59,6.2,0,1,1,Low Risk,1
STU-1271,96,5.9,100,66,6.45,100,7.8,1,1,0,Low Risk,1
STU-1272,87,4.1,41,65,5.66,26,7.4,1,0,1,Medium Risk,0
STU-1273,53,1.7,76,17,4.49,100,5.2,0,0,0,High Risk,0
STU-1274,68,2.8,17,79,5.89,78,6.4,0,1,0,Medium Risk,0
STU-1275,99,0.5,83,67,4.2,70,6.4,1,1,0,Low Risk,1
STU-1276,77,3.4,56,73,10.0,35,4.3,1,1,1,Low Risk,1
STU-1277,100,0.6,100,50,6.96,74,5.5,1,1,0,Low Risk,1
STU-1278,82,3.6,50,57,6.88,41,5.8,1,1,1,Low Risk,1
STU-1279,78,0.8,27,56,8.18,91,9.2,1,0,1,Medium Risk,0
STU-1280,68,0.5,58,85,8.92,35,7.3,1,0,1,Low Risk,1
STU-1281,77,0.5,20,57,8.89,57,8.0,1,1,0,Medium Risk,0
STU-1282,71,0.5,88,100,9.15,46,4.8,1,0,0,Low Risk,1
STU-1283,89,3.8,18,73,5.74,35,8.8,1,0,0,Medium Risk,0
STU-1284,94,4.0,70,39,6.4,78,9.0,1,1,1,Low Risk,1
STU-1285,59,2.2,18,62,8.54,73,4.0,1,1,1,Medium Risk,0
STU-1286,48,0.5,61,51,5.95,90,5.9,1,0,1,Medium Risk,0
STU-1287,38,0.5,100,21,6.99,15,7.7,1,1,1,Medium Risk,0
STU-1288,85,0.5,79,96,7.8,86,8.0,0,1,1,Low Risk,1
STU-1289,52,0.5,48,79,8.57,100,6.0,0,0,1,Medium Risk,0
STU-1290,31,6.6,69,75,3.44,48,6.5,1,1,0,Medium Risk,0
STU-1291,82,0.8,70,68,8.43,100,6.1,1,0,1,Low Risk,1
STU-1292,100,1.3,81,37,6.53,53,7.2,1,1,0,Medium Risk,0
STU-1293,74,0.5,35,55,8.41,25,8.8,1,0,1,Medium Risk,0
STU-1294,91,0.8,84,81,8.55,52,5.8,0,1,0,Low Risk,1
STU-1295,76,2.2,2,43,10.0,86,8.5,0,0,0,Medium Risk,0
STU-1296,73,2.8,54,14,9.71,39,5.8,1,1,1,Medium Risk,0
STU-1297,93,0.8,57,60,9.69,44,5.7,1,1,1,Low Risk,1
STU-1298,69,0.5,85,62,9.89,74,8.2,1,1,0,Low Risk,1
STU-1299,80,1.5,70,67,7.58,60,8.4,1,1,0,Low Risk,1
STU-1300,81,0.8,34,79,7.06,74,8.3,1,0,1,Medium Risk,0
STU-1301,61,0.7,45,77,8.75,65,5.0,1,1,1,Low Risk,1
STU-1302,94,9.6,74,70,8.46,71,6.3,1,0,1,Low Risk,1
STU-1303,71,2.9,68,88,6.38,49,8.2,1,1,1,Low Risk,1
STU-1304,59,2.4,55,34,7.81,65,7.1,1,0,0,Medium Risk,0
STU-1305,85,1.6,57,75,6.93,36,5.4,1,1,1,Low Risk,1
STU-1306,57,1.7,87,77,5.29,92,7.7,0,1,1,Medium Risk,0
STU-1307,75,2.3,57,40,9.58,44,5.9,0,1,1,Medium Risk,0
STU-1308,74,3.6,67,34,7.11,88,9.7,0,0,0,Medium Risk,0
STU-1309,96,3.6,100,50,10.0,54,9.3,0,1,1,Low Risk,1
STU-1310,84,0.6,34,51,3.75,65,7.9,1,1,1,Medium Risk,0
STU-1311,74,2.1,23,80,5.89,47,9.0,1,1,1,Low Risk,1
STU-1312,91,1.6,89,52,7.07,34,7.1,1,1,1,Low Risk,1
STU-1313,100,6.1,53,47,9.27,16,8.1,1,1,1,Low Risk,1
STU-1314,86,3.0,62,52,7.8,33,9.2,1,1,1,Low Risk,1
STU-1315,75,2.3,50,87,7.62,51,7.4,1,0,0,Low Risk,1
STU-1316,48,0.5,63,65,4.75,65,6.6,1,1,0,Medium Risk,0
STU-1317,53,2.8,100,61,4.69,85,4.4,1,1,1,Medium Risk,0
STU-1318,68,0.5,90,62,7.65,48,6.9,1,1,1,Low Risk,1
STU-1319,62,1.2,91,90,4.27,37,8.2,1,1,0,Medium Risk,0
STU-1320,71,0.5,34,50,5.94,23,8.4,1,1,1,Medium Risk,0
STU-1321,76,3.5,41,91,8.0,72,7.8,1,1,0,Low Risk,1
STU-1322,85,0.7,0,69,5.04,94,6.2,1,1,0,Medium Risk,0
STU-1323,73,1.5,49,61,10.0,91,4.0,1,1,1,Medium Risk,0
STU-1324,84,6.8,93,100,9.45,77,6.3,0,1,1,Low Risk,1
STU-1325,76,0.7,82,43,3.86,75,6.5,0,1,0,Medium Risk,0
STU-1326,35,2.1,64,57,5.14,100,6.5,1,0,1,Medium Risk,0
STU-1327,56,1.6,69,40,2.43,68,7.9,1,0,1,Medium Risk,0
STU-1328,72,0.5,52,84,5.43,76,10.0,1,0,1,Low Risk,1
STU-1329,50,4.7,75,98,8.53,51,7.2,0,1,0,Low Risk,1
STU-1330,86,0.5,89,98,6.17,25,6.7,1,1,1,Low Risk,1
STU-1331,100,1.9,29,89,7.92,42,6.6,1,1,0,Medium Risk,0
STU-1332,99,2.5,77,61,3.96,59,7.2,1,1,0,Low Risk,1
STU-1333,70,3.0,93,57,8.6,61,5.8,1,1,1,Low Risk,1
STU-1334,100,3.5,59,31,5.89,100,7.2,1,1,1,Low Risk,1
STU-1335,77,0.9,87,100,7.02,62,7.7,1,1,0,Low Risk,1
STU-1336,68,0.5,100,74,6.81,89,7.3,1,0,1,Low Risk,1
STU-1337,62,3.9,67,55,4.46,49,7.7,1,0,1,Low Risk,1
STU-1338,68,2.3,79,91,4.69,52,7.7,0,0,1,Medium Risk,0
STU-1339,67,5.4,51,45,8.94,26,4.3,1,0,1,Medium Risk,0
STU-1340,78,5.2,74,73,7.8,41,8.0,1,0,0,Low Risk,1
STU-1341,78,5.6,81,61,9.1,73,6.0,1,1,1,Low Risk,1
STU-1342,75,2.0,74,77,7.65,60,5.4,1,0,0,Low Risk,1
STU-1343,83,1.2,44,63,7.29,83,5.3,1,0,1,Medium Risk,0
STU-1344,98,4.7,75,35,3.55,64,7.7,1,0,0,Medium Risk,0
STU-1345,93,1.8,100,66,6.46,51,6.7,1,1,0,Low Risk,1
STU-1346,45,0.6,81,85,6.95,100,4.5,0,1,1,Medium Risk,0
STU-1347,23,5.8,94,64,10.0,57,7.7,1,1,0,Low Risk,1
STU-1348,93,6.4,64,80,8.37,89,4.8,1,0,0,Low Risk,1
STU-1349,47,1.9,88,44,10.0,49,7.2,1,1,1,Medium Risk,0
STU-1350,70,0.5,76,64,8.2,77,7.4,1,0,1,Low Risk,1
STU-1351,51,1.5,46,52,5.58,83,8.3,1,0,1,Medium Risk,0
STU-1352,38,4.9,77,79,7.23,65,9.7,1,1,0,Low Risk,1
STU-1353,85,7.0,45,65,7.47,1,5.0,1,1,0,Medium Risk,0
STU-1354,90,0.7,54,78,5.12,60,6.9,1,1,0,Low Risk,1
STU-1355,63,0.5,74,86,6.23,90,6.6,1,1,1,Low Risk,1
STU-1356,23,6.3,77,78,6.59,73,7.7,1,1,1,Low Risk,1
STU-1357,64,1.5,40,70,10.0,71,7.3,1,0,0,Medium Risk,0
STU-1358,82,2.3,96,45,2.84,16,6.5,1,1,0,Medium Risk,0
STU-1359,45,10.3,84,64,9.41,41,6.3,1,0,0,Low Risk,1
STU-1360,78,0.5,52,54,5.13,70,5.3,1,1,0,Low Risk,1
STU-1361,74,3.1,31,58,4.26,70,8.5,1,0,0,Medium Risk,0
STU-1362,86,0.5,66,57,9.36,90,7.7,1,1,1,Low Risk,1
STU-1363,77,1.4,58,45,8.46,56,8.4,1,1,0,Medium Risk,0
STU-1364,55,4.9,72,25,9.51,70,6.5,1,1,1,Medium Risk,0
STU-1365,98,1.7,60,51,8.6,60,6.0,0,0,1,Low Risk,1
STU-1366,71,12.0,19,68,10.0,35,5.4,1,1,0,Medium Risk,0
STU-1367,74,2.5,60,38,8.12,3,7.5,1,1,1,Medium Risk,0
STU-1368,56,1.2,62,65,6.69,70,5.4,1,1,1,Low Risk,1
STU-1369,66,0.7,85,100,7.69,64,9.8,1,1,0,Low Risk,1
STU-1370,57,1.3,52,85,9.49,44,5.0,0,1,1,Medium Risk,0
STU-1371,71,1.4,100,97,5.44,19,7.4,1,0,0,Medium Risk,0
STU-1372,100,0.5,22,72,5.7,75,9.4,0,1,1,Medium Risk,0
STU-1373,47,1.4,100,88,6.38,53,7.9,1,0,1,Medium Risk,0
STU-1374,42,1.9,64,50,2.79,73,7.3,1,0,1,Medium Risk,0
STU-1375,100,3.8,91,52,7.28,100,5.5,1,1,1,Low Risk,1
STU-1376,70,3.2,71,10,3.23,6,4.9,0,1,1,Medium Risk,0
STU-1377,61,3.7,98,88,7.11,42,8.2,1,0,1,Low Risk,1
STU-1378,95,0.5,60,95,8.73,54,9.3,1,0,1,Low Risk,1
STU-1379,62,0.7,42,53,6.05,96,6.3,1,1,0,Medium Risk,0
STU-1380,100,3.3,100,59,10.0,19,5.3,1,0,1,Low Risk,1
STU-1381,88,2.0,67,49,4.08,100,3.3,0,1,0,Medium Risk,0
STU-1382,65,0.5,75,72,9.38,63,5.5,1,1,0,Low Risk,1
STU-1383,100,4.9,100,87,8.35,57,6.8,1,1,1,Low Risk,1
STU-1384,62,4.4,44,30,3.57,55,9.4,1,0,0,Medium Risk,0
STU-1385,89,2.4,84,73,10.0,49,8.0,0,0,0,Low Risk,1
STU-1386,80,0.5,55,59,6.87,86,7.5,1,1,1,Low Risk,1
STU-1387,100,4.4,66,67,5.25,33,6.4,1,1,0,Low Risk,1
STU-1388,100,2.6,71,74,4.19,68,6.1,1,0,0,Medium Risk,0
STU-1389,75,4.6,32,61,6.56,50,9.1,1,0,1,Low Risk,1
STU-1390,59,4.2,50,62,6.75,40,7.3,1,0,1,Low Risk,1
STU-1391,84,4.9,100,60,7.21,100,3.8,1,1,1,Low Risk,1
STU-1392,61,2.2,92,84,6.4,70,6.0,1,1,1,Low Risk,1
STU-1393,100,0.5,68,73,8.27,75,5.7,1,1,1,Low Risk,1
STU-1394,77,3.3,76,69,6.22,88,6.2,1,1,1,Low Risk,1
STU-1395,67,2.9,62,39,3.13,24,7.8,0,1,1,Medium Risk,0
STU-1396,78,4.1,100,57,6.7,100,6.8,0,1,1,Low Risk,1
STU-1397,48,0.6,64,82,2.27,0,6.9,1,0,1,Medium Risk,0
STU-1398,55,0.7,75,65,7.71,40,9.0,0,0,0,Medium Risk,0
STU-1399,99,6.6,98,78,5.04,48,6.0,0,0,0,Low Risk,1
STU-1400,61,4.2,50,100,7.33,74,9.8,0,1,0,Low Risk,1
STU-1401,54,7.2,100,85,9.63,65,6.0,1,1,1,Low Risk,1
STU-1402,85,4.3,31,66,5.1,55,7.1,1,1,0,Low Risk,1
STU-1403,98,2.7,100,54,9.12,59,6.6,1,0,1,Low Risk,1
STU-1404,89,3.2,60,13,6.13,35,7.2,1,0,1,Medium Risk,0
STU-1405,94,6.6,63,61,10.0,22,7.7,1,0,1,Low Risk,1
STU-1406,59,2.6,22,58,6.27,78,7.7,1,1,0,Medium Risk,0
STU-1407,46,3.0,58,72,5.32,77,5.9,1,0,1,Low Risk,1
STU-1408,100,0.5,44,61,8.37,99,5.3,1,0,0,Medium Risk,0
STU-1409,68,1.9,54,58,6.13,40,10.8,0,1,1,Low Risk,1
STU-1410,69,3.8,66,29,5.32,77,6.3,0,0,1,Low Risk,1
STU-1411,100,0.9,93,46,6.04,52,8.0,0,1,0,Medium Risk,0
STU-1412,86,0.7,75,74,6.91,89,4.6,1,0,1,Low Risk,1
STU-1413,84,1.1,77,99,9.68,85,6.6,1,1,0,Low Risk,1
STU-1414,100,0.8,42,63,3.13,65,6.8,1,1,1,Medium Risk,0
STU-1415,62,0.7,47,71,7.05,51,7.7,1,1,0,Medium Risk,0
STU-1416,93,1.7,100,84,8.25,84,3.0,1,1,0,Low Risk,1
STU-1417,76,7.2,51,48,7.39,76,7.2,1,1,0,Low Risk,1
STU-1418,80,2.1,100,72,9.62,42,5.3,1,1,0,Low Risk,1
STU-1419,100,0.6,63,50,6.85,26,7.5,1,1,1,Low Risk,1
STU-1420,85,0.5,70,82,6.63,52,5.4,1,1,1,Low Risk,1
STU-1421,85,3.6,96,68,8.18,97,5.7,0,1,1,Low Risk,1
STU-1422,96,1.4,100,70,7.2,88,6.6,1,1,0,Low Risk,1
STU-1423,67,5.2,67,49,6.22,32,5.4,1,0,0,Medium Risk,0
STU-1424,58,3.2,60,79,8.03,30,6.3,0,1,1,Medium Risk,0
STU-1425,54,4.8,68,100,5.69,91,5.2,1,1,0,Low Risk,1
STU-1426,35,1.0,78,44,5.78,31,4.3,1,1,1,Medium Risk,0
STU-1427,100,3.5,92,58,5.94,72,8.5,1,0,1,Low Risk,1
STU-1428,52,0.9,70,69,9.71,44,5.1,1,1,0,Medium Risk,0
STU-1429,70,8.4,85,80,0.56,100,6.7,0,0,1,Low Risk,1
STU-1430,69,3.0,100,53,7.79,40,8.1,1,1,1,Low Risk,1
STU-1431,81,1.2,79,8,7.07,88,6.1,1,0,1,Medium Risk,0
STU-1432,91,0.9,77,92,3.64,64,5.8,1,1,0,Low Risk,1
STU-1433,92,0.6,32,80,7.62,66,7.3,0,0,0,Medium Risk,0
STU-1434,63,3.6,4,30,7.95,10,8.7,1,0,0,Medium Risk,0
STU-1435,71,0.7,79,52,8.18,4,5.2,1,1,0,Low Risk,1
STU-1436,80,2.7,67,96,1.7,54,6.8,1,1,0,Low Risk,1
STU-1437,70,0.9,57,93,9.73,66,4.4,1,0,1,Low Risk,1
STU-1438,100,3.3,76,83,5.52,31,6.4,1,1,1,Low Risk,1
STU-1439,84,5.1,68,61,8.37,32,7.1,1,0,1,Low Risk,1
STU-1440,89,4.5,98,66,8.48,74,5.7,1,1,0,Low Risk,1
STU-1441,88,4.3,72,62,5.25,74,6.3,1,1,1,Low Risk,1
STU-1442,98,0.6,51,87,8.32,56,4.9,1,0,0,Low Risk,1
STU-1443,78,0.5,94,47,6.23,79,7.1,0,1,1,Medium Risk,0
STU-1444,49,3.6,64,48,2.86,30,8.6,1,0,1,Medium Risk,0
STU-1445,82,1.4,83,85,9.34,51,5.4,1,1,1,Low Risk,1
STU-1446,61,1.7,58,64,5.45,100,6.1,1,1,1,Low Risk,1
STU-1447,64,0.5,53,92,5.29,61,7.8,1,1,1,Low Risk,1
STU-1448,86,0.9,72,51,6.19,63,8.8,1,1,0,Low Risk,1
STU-1449,99,0.5,70,63,7.54,100,4.8,1,1,0,Low Risk,1
STU-1450,75,6.3,81,46,6.89,25,6.7,1,0,0,Medium Risk,0
STU-1451,81,0.8,63,65,8.1,79,7.4,1,1,0,Low Risk,1
STU-1452,100,2.4,24,35,4.32,100,6.8,1,1,1,Medium Risk,0
STU-1453,79,0.5,59,55,5.52,51,3.3,1,1,0,Low Risk,1
STU-1454,100,3.3,89,36,6.77,81,7.8,1,1,1,Low Risk,1
STU-1455,86,1.2,62,78,10.0,35,9.3,1,0,0,Medium Risk,0
STU-1456,39,6.8,63,79,6.77,42,7.2,1,0,1,Low Risk,1
STU-1457,90,6.6,94,30,9.17,69,5.5,1,0,1,Low Risk,1
STU-1458,82,1.2,52,91,7.08,79,6.2,0,0,0,Low Risk,1
STU-1459,100,6.9,31,100,6.03,88,9.7,1,0,1,Low Risk,1
STU-1460,88,12.0,65,65,6.51,99,8.4,1,1,1,Low Risk,1
STU-1461,72,5.2,57,52,6.66,58,8.0,1,1,0,Low Risk,1
STU-1462,50,5.6,45,100,8.21,89,7.5,0,0,1,Medium Risk,0
STU-1463,70,0.9,65,38,9.75,51,6.0,1,1,0,Medium Risk,0
STU-1464,57,2.6,82,65,7.72,82,6.7,1,0,1,Medium Risk,0
STU-1465,63,0.5,69,68,9.37,65,6.9,1,1,1,Low Risk,1
STU-1466,86,0.5,77,91,5.07,71,7.8,1,1,1,Low Risk,1
STU-1467,100,12.0,100,72,6.17,70,9.3,1,1,1,Low Risk,1
STU-1468,82,1.2,61,55,5.55,19,8.7,1,1,0,Low Risk,1
STU-1469,51,4.1,76,45,7.63,31,4.9,0,0,1,Medium Risk,0
STU-1470,83,4.9,57,58,6.28,62,7.3,1,1,1,Low Risk,1
STU-1471,98,5.9,48,44,8.46,17,8.1,0,1,1,Medium Risk,0
STU-1472,62,12.0,55,65,5.14,80,7.9,1,1,1,Low Risk,1
STU-1473,72,0.8,58,53,7.09,81,6.1,1,0,0,Low Risk,1
STU-1474,75,0.5,78,35,8.37,68,11.4,1,1,1,Low Risk,1
STU-1475,59,1.6,100,90,2.87,31,5.1,1,1,0,Medium Risk,0
STU-1476,87,0.5,52,55,10.0,94,5.4,0,1,1,Low Risk,1
STU-1477,72,0.5,59,39,6.43,100,7.4,1,0,0,Medium Risk,0
STU-1478,83,1.3,68,61,2.95,63,10.2,0,0,1,Medium Risk,0
STU-1479,57,4.6,79,66,7.32,72,5.7,0,1,1,Low Risk,1
STU-1480,66,2.5,76,30,7.07,65,6.6,1,0,1,Medium Risk,0
STU-1481,89,1.1,100,71,6.84,73,8.6,0,0,0,Low Risk,1
STU-1482,67,3.2,9,44,8.98,57,7.0,1,0,1,Medium Risk,0
STU-1483,100,0.8,10,99,8.49,59,6.5,1,0,1,Medium Risk,0
STU-1484,67,0.5,57,75,7.6,82,7.8,0,0,1,Low Risk,1
STU-1485,79,4.3,97,57,7.9,100,7.4,0,1,0,Low Risk,1
STU-1486,93,2.9,30,50,6.79,24,8.5,1,0,1,Medium Risk,0
STU-1487,46,4.3,0,62,10.0,57,8.9,1,0,0,Medium Risk,0
STU-1488,39,0.5,84,77,4.04,30,7.5,1,0,1,Medium Risk,0
STU-1489,44,5.4,76,64,7.28,99,7.4,1,1,0,Low Risk,1
STU-1490,100,2.9,42,60,7.13,45,7.3,1,1,0,Medium Risk,0
STU-1491,63,2.5,45,66,8.63,23,7.7,1,1,0,Medium Risk,0
STU-1492,100,2.9,45,52,5.31,75,7.1,1,0,0,Medium Risk,0
STU-1493,63,6.0,72,58,3.51,100,7.0,1,1,0,Low Risk,1
STU-1494,78,2.7,54,23,7.31,76,8.8,1,1,1,Low Risk,1
STU-1495,100,2.6,82,84,7.56,65,9.3,1,0,1,Low Risk,1
STU-1496,100,12.0,0,70,9.98,70,4.7,1,1,0,Low Risk,1
STU-1497,100,4.2,48,49,4.46,95,7.0,1,1,1,Medium Risk,0
STU-1498,99,1.8,41,100,9.31,38,6.0,1,1,1,Medium Risk,0
STU-1499,95,3.7,63,66,10.0,57,6.5,1,1,1,Low Risk,1
STU-1500,86,1.5,56,44,6.24,48,7.6,1,1,0,Medium Risk,0
